ExcelSheet,Excelname
derivatives,_sTime_
derivatives,_DaysInYear_
derivatives,_aInclStrat_
derivatives,_uDepthMix_
derivatives,_uDepthWEpi_
derivatives,_uDepthWHyp_
derivatives,_MassHyp_
derivatives,_MassEpi_
derivatives,_MassWM_
derivatives,_uDepthW_
derivatives,_oNH4WHyp_
derivatives,_oNO3WHyp_
derivatives,_oPO4WHyp_
derivatives,_oPAIMWHyp_
derivatives,_oSiO2WHyp_
derivatives,_oO2WHyp_
derivatives,_oDDetWHyp_
derivatives,_oNDetWHyp_
derivatives,_oPDetWHyp_
derivatives,_oSiDetWHyp_
derivatives,_oDIMWHyp_
derivatives,_oDDiatWHyp_
derivatives,_oNDiatWHyp_
derivatives,_oPDiatWHyp_
derivatives,_oDGrenWHyp_
derivatives,_oNGrenWHyp_
derivatives,_oPGrenWHyp_
derivatives,_oDBlueWHyp_
derivatives,_oNBlueWHyp_
derivatives,_oPBlueWHyp_
derivatives,_oDZooHyp_
derivatives,_oNZooHyp_
derivatives,_oPZooHyp_
derivatives,_aDFiAd_
derivatives,_aDFiJv_
derivatives,_aNFiAd_
derivatives,_aNFiJv_
derivatives,_aPFiAd_
derivatives,_aPFiJv_
derivatives,_aDPisc_
derivatives,_aNH4S_
derivatives,_aNO3S_
derivatives,_aPO4S_
derivatives,_aPAIMS_
derivatives,_aDDetS_
derivatives,_aNDetS_
derivatives,_aPDetS_
derivatives,_aSiDetS_
derivatives,_aDHumS_
derivatives,_aNHumS_
derivatives,_aPHumS_
derivatives,_aDIMS_
derivatives,_aDDiatS_
derivatives,_aNDiatS_
derivatives,_aPDiatS_
derivatives,_aDGrenS_
derivatives,_aNGrenS_
derivatives,_aPGrenS_
derivatives,_aDBlueS_
derivatives,_aNBlueS_
derivatives,_aPBlueS_
derivatives,_aDVeg_
derivatives,_aNVeg_
derivatives,_aPVeg_
derivatives,_aVegHeight_
derivatives,_aDBent_
derivatives,_aNBent_
derivatives,_aPBent_
derivatives,_uDepthWM_
derivatives,_oNH4WM_
derivatives,_oNO3WM_
derivatives,_oPO4WM_
derivatives,_oPAIMWM_
derivatives,_oSiO2WM_
derivatives,_oO2WM_
derivatives,_oDDetWM_
derivatives,_oNDetWM_
derivatives,_oPDetWM_
derivatives,_oSiDetWM_
derivatives,_oDIMWM_
derivatives,_oDDiatWM_
derivatives,_oNDiatWM_
derivatives,_oPDiatWM_
derivatives,_oDGrenWM_
derivatives,_oNGrenWM_
derivatives,_oPGrenWM_
derivatives,_oDBlueWM_
derivatives,_oNBlueWM_
derivatives,_oPBlueWM_
derivatives,_oDZooM_
derivatives,_oNZooM_
derivatives,_oPZooM_
derivatives,_aNH4SM_
derivatives,_aNO3SM_
derivatives,_aPO4SM_
derivatives,_aPAIMSM_
derivatives,_aDDetSM_
derivatives,_aNDetSM_
derivatives,_aPDetSM_
derivatives,_aSiDetSM_
derivatives,_aDHumSM_
derivatives,_aNHumSM_
derivatives,_aPHumSM_
derivatives,_aDIMSM_
derivatives,_aDRootPhra_
derivatives,_aDShootPhra_
derivatives,_aNRootPhra_
derivatives,_aNShootPhra_
derivatives,_aPRootPhra_
derivatives,_aPShootPhra_
derivatives,_oNH4WEpi_
derivatives,_oNO3WEpi_
derivatives,_oPO4WEpi_
derivatives,_oPAIMWEpi_
derivatives,_oSiO2WEpi_
derivatives,_oO2WEpi_
derivatives,_oDDetWEpi_
derivatives,_oNDetWEpi_
derivatives,_oPDetWEpi_
derivatives,_oSiDetWEpi_
derivatives,_oDIMWEpi_
derivatives,_oDDiatWEpi_
derivatives,_oNDiatWEpi_
derivatives,_oPDiatWEpi_
derivatives,_oDGrenWEpi_
derivatives,_oNGrenWEpi_
derivatives,_oPGrenWEpi_
derivatives,_oDBlueWEpi_
derivatives,_oNBlueWEpi_
derivatives,_oPBlueWEpi_
derivatives,_oDZooEpi_
derivatives,_oNZooEpi_
derivatives,_oPZooEpi_
derivatives,_aDExtTotT_
derivatives,_aNExtTotT_
derivatives,_aPExtTotT_
derivatives,_aSiExtTotT_
derivatives,_aO2ExtTotT_
derivatives,_TimeYears_
derivatives,_Day_
derivatives,_Years_
derivatives,_aVegEHeight_
derivatives,_uVegHeight_
derivatives,_uVegHeightHyp_
derivatives,_uVegHeightEpi_
derivatives,_aDepth2VegHyp_
derivatives,_aDepth1VegHyp_
derivatives,_aDepth2VegEpi_
derivatives,_aDepth1VegEpi_
derivatives,_uVegHeightLight_
derivatives,_uVegHeightLightSum_
derivatives,_uVegHeightLightEpi_
derivatives,_uVegHeightLightHyp_
derivatives,_uDVegHyp_
derivatives,_uDVegEpi_
derivatives,_uVegShade_
derivatives,_aExtPhytHyp_
derivatives,_aExtDetHyp_
derivatives,_aExtIMHyp_
derivatives,_aExtCoefOpenHyp_
derivatives,_aExtPhytEpi_
derivatives,_aExtDetEpi_
derivatives,_aExtIMEpi_
derivatives,_aExtCoefOpenEpi_
derivatives,_aTmEpi_
derivatives,_aTmHyp_
derivatives,_uTmEpi_
derivatives,_uTmHyp_
derivatives,_uTmBot_
derivatives,_uLAT_
derivatives,_uSolDecAng_
derivatives,_uSunRise_
derivatives,_uSunSet_
derivatives,_uSunHours_
derivatives,_uSunPath_
derivatives,_uTrans_
derivatives,_ufDay_
derivatives,_uLDay_
derivatives,_uLOut_
derivatives,_uLPARSurf_
derivatives,_aLPARBotEpiOpen_
derivatives,_aLPARBotHypOpen_
derivatives,_aLPAR1VegEpi_
derivatives,_aLPAR1VegHyp_
derivatives,_aLPARVegLight_
derivatives,_uTmVegAve_
derivatives,_uFunTmVeg_
derivatives,_uFunTmProdVeg_
derivatives,_uhLVeg_
derivatives,_aLPIVeg_
derivatives,_aSpring_
derivatives,_aTimeWinVeg_
derivatives,_aTimeInitVeg_
derivatives,_aTimeWinVegCor_
derivatives,_aDayInitVeg_
derivatives,_aTimeInitVegCor_
derivatives,_aVegSum_
derivatives,_aVegWin_
derivatives,_aDaysVegSum_
derivatives,_aDaysVegWin_
derivatives,_bfRootVeg_
derivatives,_bfShootVeg_
derivatives,_aDShootVeg_
derivatives,_aDEmergVeg_
derivatives,_aDFloatVeg_
derivatives,_bfSubVeg_
derivatives,_aDSubVeg_
derivatives,_aExtVegHyp_
derivatives,_aExtCoefHyp_
derivatives,_aExtVegEpi_
derivatives,_aExtCoefEpi_
derivatives,_aLPARBotEpi_
derivatives,_uLPARSurfHyp_
derivatives,_aLPAR2VegEpi_
derivatives,_aLPAR2VegHyp_
derivatives,_uVWind_
derivatives,_aStrat_
derivatives,_uQInSeason_
derivatives,_uQEvSinus_
derivatives,_aQEv_
derivatives,_uQEv_
derivatives,_uQInExtra_
derivatives,_uQIn_
derivatives,_uQOutExtra_
derivatives,_uQOutEpi_
derivatives,_uQOutHyp_
derivatives,_uQDilEpi_
derivatives,_uQDilHyp_
derivatives,_ukDilEpi_
derivatives,_ukDilHyp_
derivatives,_ukDilWatEpi_
derivatives,_ukDilWatHyp_
derivatives,_ukOutEpi_
derivatives,_ukOutHyp_
derivatives,_uTauWatEpi_
derivatives,_uTauWatHyp_
derivatives,_uTauWat_
derivatives,_uTauSubstHyp_
derivatives,_uFiJvMortHyp_
derivatives,_uFiJvEgesHyp_
derivatives,_uFiJvExcrHyp_
derivatives,_uFiAdMortHyp_
derivatives,_uFiAdEgesHyp_
derivatives,_uFiAdExcrHyp_
derivatives,_uPiscMortHyp_
derivatives,_uPiscEgesHyp_
derivatives,_uPiscExcrHyp_
derivatives,_vTranDepthW_
derivatives,_vTranHypEpiW_
derivatives,_vDeltaWHyp_
derivatives,_vDeltaWEpi_
derivatives,_afVolHypEpi_
derivatives,_wDAdvIMW_
derivatives,_wPAdvPO4W_
derivatives,_wPAdvAIMW_
derivatives,_wNAdvNH4W_
derivatives,_wNAdvNO3W_
derivatives,_wSiAdvSiO2W_
derivatives,_wO2AdvW_
derivatives,_wDAdvDetW_
derivatives,_wPAdvDetW_
derivatives,_wNAdvDetW_
derivatives,_wSiAdvDetW_
derivatives,_wDAdvDiatW_
derivatives,_wPAdvDiatW_
derivatives,_wNAdvDiatW_
derivatives,_wSiAdvDiatW_
derivatives,_wDAdvGrenW_
derivatives,_wPAdvGrenW_
derivatives,_wNAdvGrenW_
derivatives,_wDAdvBlueW_
derivatives,_wPAdvBlueW_
derivatives,_wNAdvBlueW_
derivatives,_wDAdvZooW_
derivatives,_wPAdvZooW_
derivatives,_wNAdvZooW_
derivatives,_wDAdvIMWM_
derivatives,_wPAdvPO4WM_
derivatives,_wPAdvAIMWM_
derivatives,_wNAdvNH4WM_
derivatives,_wNAdvNO3WM_
derivatives,_wSiAdvSiO2WM_
derivatives,_wO2AdvWM_
derivatives,_wDAdvDetWM_
derivatives,_wPAdvDetWM_
derivatives,_wNAdvDetWM_
derivatives,_wSiAdvDetWM_
derivatives,_wDAdvDiatWM_
derivatives,_wPAdvDiatWM_
derivatives,_wNAdvDiatWM_
derivatives,_wDAdvGrenWM_
derivatives,_wPAdvGrenWM_
derivatives,_wNAdvGrenWM_
derivatives,_wDAdvBlueWM_
derivatives,_wPAdvBlueWM_
derivatives,_wNAdvBlueWM_
derivatives,_wDAdvZooWM_
derivatives,_wPAdvZooWM_
derivatives,_wNAdvZooWM_
derivatives,_uExchMaxW_
derivatives,_akExchWHyp_
derivatives,_akExchWEpi_
derivatives,_wDExchIMWHyp_
derivatives,_wPExchPO4WHyp_
derivatives,_wPExchAIMWHyp_
derivatives,_wNExchNH4WHyp_
derivatives,_wNExchNO3WHyp_
derivatives,_wSiExchSiO2WHyp_
derivatives,_wO2ExchWHyp_
derivatives,_wDExchDetWHyp_
derivatives,_wPExchDetWHyp_
derivatives,_wNExchDetWHyp_
derivatives,_wSiExchDetWHyp_
derivatives,_wDExchDiatWHyp_
derivatives,_wPExchDiatWHyp_
derivatives,_wNExchDiatWHyp_
derivatives,_wSiExchDiatWHyp_
derivatives,_wDExchGrenWHyp_
derivatives,_wPExchGrenWHyp_
derivatives,_wNExchGrenWHyp_
derivatives,_wDExchBlueWHyp_
derivatives,_wPExchBlueWHyp_
derivatives,_wNExchBlueWHyp_
derivatives,_wDExchZooWHyp_
derivatives,_wPExchZooWHyp_
derivatives,_wNExchZooWHyp_
derivatives,_wDExchIMWEpi_
derivatives,_wPExchPO4WEpi_
derivatives,_wPExchAIMWEpi_
derivatives,_wNExchNH4WEpi_
derivatives,_wNExchNO3WEpi_
derivatives,_wSiExchSiO2WEpi_
derivatives,_wO2ExchWEpi_
derivatives,_wDExchDetWEpi_
derivatives,_wPExchDetWEpi_
derivatives,_wNExchDetWEpi_
derivatives,_wSiExchDetWEpi_
derivatives,_wDExchDiatWEpi_
derivatives,_wPExchDiatWEpi_
derivatives,_wNExchDiatWEpi_
derivatives,_wSiExchDiatWEpi_
derivatives,_wDExchGrenWEpi_
derivatives,_wPExchGrenWEpi_
derivatives,_wNExchGrenWEpi_
derivatives,_wDExchBlueWEpi_
derivatives,_wPExchBlueWEpi_
derivatives,_wNExchBlueWEpi_
derivatives,_wDExchZooWEpi_
derivatives,_wPExchZooWEpi_
derivatives,_wNExchZooWEpi_
derivatives,_akExchMHyp_
derivatives,_akExchLHyp_
derivatives,_oDPhytWHyp_
derivatives,_oPPhytWHyp_
derivatives,_oNPhytWHyp_
derivatives,_aDPhytS_
derivatives,_aPPhytS_
derivatives,_aNPhytS_
derivatives,_oDPhytWEpi_
derivatives,_oDOMWEpi_
derivatives,_oDOMWHyp_
derivatives,_oTDOMW_
derivatives,_oDSestWHyp_
derivatives,_oPOMWHyp_
derivatives,_oPSestWHyp_
derivatives,_oPInorgWHyp_
derivatives,_oPTotWHyp_
derivatives,_oNDissWEpi_
derivatives,_oNDissWHyp_
derivatives,_oNOMWHyp_
derivatives,_oNSestWHyp_
derivatives,_oNkjWHyp_
derivatives,_oNTotWHyp_
derivatives,_bPorS_
derivatives,_bPorCorS_
derivatives,_aDTotS_
derivatives,_aRhoTotS_
derivatives,_aRhoSolidS_
derivatives,_afDTotS_
derivatives,_afDOrgS_
derivatives,_afDetS_
derivatives,_afDetTotS_
derivatives,_aPInorgS_
derivatives,_aPTotAvailS_
derivatives,_aPTotS_
derivatives,_afPInorgS_
derivatives,_afPTotS_
derivatives,_afPO4S_
derivatives,_oPO4S_
derivatives,_aNDissS_
derivatives,_aNkjAvailS_
derivatives,_aNkjS_
derivatives,_aNTotAvailS_
derivatives,_aNTotS_
derivatives,_afNInorgS_
derivatives,_afNTotS_
derivatives,_oNO3S_
derivatives,_oNH4S_
derivatives,_oNDissS_
derivatives,_rPDIMWHyp_
derivatives,_rPDIMS_
derivatives,_rPDDetWHyp_
derivatives,_rNDDetWHyp_
derivatives,_rSiDDetWHyp_
derivatives,_rPDHumS_
derivatives,_rNDHumS_
derivatives,_rPDDetS_
derivatives,_rNDDetS_
derivatives,_rSiDDetS_
derivatives,_oDPhytWM_
derivatives,_oPPhytWM_
derivatives,_oNPhytWM_
derivatives,_oSiDiatWM_
derivatives,_oDOMWM_
derivatives,_oDSestWM_
derivatives,_oPOMWM_
derivatives,_oPSestWM_
derivatives,_oPInorgWM_
derivatives,_oPTotWM_
derivatives,_oNDissWM_
derivatives,_oNOMWM_
derivatives,_oNSestWM_
derivatives,_oNkjWM_
derivatives,_oNTotWM_
derivatives,_bPorSM_
derivatives,_bPorCorSM_
derivatives,_aDTotSM_
derivatives,_aRhoTotSM_
derivatives,_aRhoSolidSM_
derivatives,_afDTotSM_
derivatives,_afDOrgSM_
derivatives,_afDetSM_
derivatives,_afDetTotSM_
derivatives,_aPInorgSM_
derivatives,_aPTotAvailSM_
derivatives,_aPTotSM_
derivatives,_afPInorgSM_
derivatives,_afPTotSM_
derivatives,_afPO4SM_
derivatives,_oPO4SM_
derivatives,_aNDissSM_
derivatives,_aNkjAvailSM_
derivatives,_aNkjSM_
derivatives,_aNTotAvailSM_
derivatives,_aNTotSM_
derivatives,_afNInorgSM_
derivatives,_afNTotSM_
derivatives,_oNO3SM_
derivatives,_oNH4SM_
derivatives,_oNDissSM_
derivatives,_rPDIMWM_
derivatives,_rPDIMSM_
derivatives,_rPDDetWM_
derivatives,_rNDDetWM_
derivatives,_rSiDDetWM_
derivatives,_rPDHumSM_
derivatives,_rNDHumSM_
derivatives,_rPDDetSM_
derivatives,_rNDDetSM_
derivatives,_rSiDDetSM_
derivatives,_aDTotM_
derivatives,_aPTotM_
derivatives,_aNTotM_
derivatives,_aSiTotM_
derivatives,_aO2TotM_
derivatives,_uPLoadSeason_
derivatives,_uPLoad_
derivatives,_uPLoadPO4_
derivatives,_uPLoadOrg_
derivatives,_uPLoadPhytTot_
derivatives,_uPLoadDet_
derivatives,_uPLoadAIM_
derivatives,_uNLoadSeason_
derivatives,_uNLoadPhytTot_
derivatives,_uNLoad_
derivatives,_uNLoadDet_
derivatives,_uNLoadOrg_
derivatives,_uNLoadDiss_
derivatives,_uNLoadNH4_
derivatives,_uNLoadNO3_
derivatives,_uNBackLoadHyp_
derivatives,_uPBackLoadHyp_
derivatives,_uNTotIn_
derivatives,_uDLoadDet_
derivatives,_uDLoadPhytTot_
derivatives,_uDLoadIM_
derivatives,_uDLoad_
derivatives,_uPTotIn_
derivatives,_uDLoadDiat_
derivatives,_uPLoadDiat_
derivatives,_uNLoadDiat_
derivatives,_uDLoadGren_
derivatives,_uPLoadGren_
derivatives,_uNLoadGren_
derivatives,_uDLoadBlue_
derivatives,_uPLoadBlue_
derivatives,_uNLoadBlue_
derivatives,_wDDilIMHyp_
derivatives,_wDDilDetHyp_
derivatives,_wDDilGrenHyp_
derivatives,_wDDilBlueHyp_
derivatives,_wDDilDiatHyp_
derivatives,_wDDilZooHyp_
derivatives,_wDDilPhytHyp_
derivatives,_wPDilZooHyp_
derivatives,_wNDilZooHyp_
derivatives,_wPDilPO4Hyp_
derivatives,_wPDilDetHyp_
derivatives,_wPDilAIMHyp_
derivatives,_wNDilNH4Hyp_
derivatives,_wNDilNO3Hyp_
derivatives,_wNDilDetHyp_
derivatives,_wO2InflowHyp_
derivatives,_wO2OutflHyp_
derivatives,_wPDilDiatHyp_
derivatives,_wNDilDiatHyp_
derivatives,_wPDilGrenHyp_
derivatives,_wNDilGrenHyp_
derivatives,_wPDilBlueHyp_
derivatives,_wNDilBlueHyp_
derivatives,_wPDilPhytHyp_
derivatives,_wNDilPhytHyp_
derivatives,_wDOutflTotHyp_
derivatives,_wPOutflTotHyp_
derivatives,_wNOutflTotHyp_
derivatives,_wDTranDiatHyp_
derivatives,_wPTranDiatHyp_
derivatives,_wNTranDiatHyp_
derivatives,_wDTranGrenHyp_
derivatives,_wPTranGrenHyp_
derivatives,_wNTranGrenHyp_
derivatives,_wDTranBlueHyp_
derivatives,_wPTranBlueHyp_
derivatives,_wNTranBlueHyp_
derivatives,_wDTranPhytHyp_
derivatives,_wPTranPhytHyp_
derivatives,_wNTranPhytHyp_
derivatives,_uSiLoadSiO2_
derivatives,_uSiLoadDet_
derivatives,_uSiLoadDiat_
derivatives,_uSiLoad_
derivatives,_wSiDilSiO2Hyp_
derivatives,_wSiDilDetHyp_
derivatives,_wSiDilDiatHyp_
derivatives,_wSiOutflTotHyp_
derivatives,_wSiTranSiO2Hyp_
derivatives,_wSiTranDetWHyp_
derivatives,_tSiTranTotTHyp_
derivatives,_wDTranZooHyp_
derivatives,_wPTranZooHyp_
derivatives,_wNTranZooHyp_
derivatives,_wDTranIMWHyp_
derivatives,_wDTranDetWHyp_
derivatives,_wO2TranWHyp_
derivatives,_wPTranPO4WHyp_
derivatives,_wPTranAIMWHyp_
derivatives,_wPTranDetWHyp_
derivatives,_wNTranNH4WHyp_
derivatives,_wNTranNO3WHyp_
derivatives,_wNTranDetWHyp_
derivatives,_wDDilTotHyp_
derivatives,_wPDilTotHyp_
derivatives,_wNDilTotHyp_
derivatives,_wSiDilTotHyp_
derivatives,_tDTranTotTHyp_
derivatives,_tPTranTotTHyp_
derivatives,_tNTranTotTHyp_
derivatives,_wDExchIMMHyp_
derivatives,_wPExchPO4MHyp_
derivatives,_wPExchAIMMHyp_
derivatives,_wNExchNH4MHyp_
derivatives,_wNExchNO3MHyp_
derivatives,_wSiExchSiO2MHyp_
derivatives,_wO2ExchMHyp_
derivatives,_wDExchDetMHyp_
derivatives,_wPExchDetMHyp_
derivatives,_wNExchDetMHyp_
derivatives,_wSiExchDetMHyp_
derivatives,_wDExchDiatMHyp_
derivatives,_wPExchDiatMHyp_
derivatives,_wNExchDiatMHyp_
derivatives,_wSiExchDiatMHyp_
derivatives,_wDExchGrenMHyp_
derivatives,_wPExchGrenMHyp_
derivatives,_wNExchGrenMHyp_
derivatives,_wDExchBlueMHyp_
derivatives,_wPExchBlueMHyp_
derivatives,_wNExchBlueMHyp_
derivatives,_wDExchZooMHyp_
derivatives,_wPExchZooMHyp_
derivatives,_wNExchZooMHyp_
derivatives,_wDExchIMHyp_
derivatives,_wPExchPO4Hyp_
derivatives,_wPExchAIMHyp_
derivatives,_wNExchNH4Hyp_
derivatives,_wNExchNO3Hyp_
derivatives,_wSiExchSiO2Hyp_
derivatives,_wO2ExchHyp_
derivatives,_wDExchDetHyp_
derivatives,_wPExchDetHyp_
derivatives,_wNExchDetHyp_
derivatives,_wSiExchDetHyp_
derivatives,_wDExchDiatHyp_
derivatives,_wPExchDiatHyp_
derivatives,_wNExchDiatHyp_
derivatives,_wSiExchDiatHyp_
derivatives,_wDExchGrenHyp_
derivatives,_wPExchGrenHyp_
derivatives,_wNExchGrenHyp_
derivatives,_wDExchBlueHyp_
derivatives,_wPExchBlueHyp_
derivatives,_wNExchBlueHyp_
derivatives,_wDExchZooHyp_
derivatives,_wPExchZooHyp_
derivatives,_wNExchZooHyp_
derivatives,_tPInfPO4WHyp_
derivatives,_tNInfNH4WHyp_
derivatives,_tNInfNO3WHyp_
derivatives,_tPInfPO4S_
derivatives,_tNInfNH4S_
derivatives,_tNInfNO3S_
derivatives,_tNH4LoadS_
derivatives,_tNO3LoadS_
derivatives,_uDErosIM_
derivatives,_uDErosIMS_
derivatives,_uDErosIMW_
derivatives,_uDErosOM_
derivatives,_uPErosOM_
derivatives,_uNErosOM_
derivatives,_uO2SatEpi_
derivatives,_uO2SatHyp_
derivatives,_kAer_
derivatives,_uFunTmAerEpi_
derivatives,_uFunTmAerHyp_
derivatives,_aFunFloatAer_
derivatives,_tO2BubHyp_
derivatives,_uFunTmFish_
derivatives,_tDTurbFish_
derivatives,_aFunVegResus_
derivatives,_aFunDimSusp_
derivatives,_tDResusTauDead_
derivatives,_tDResusBareDead_
derivatives,_tDResusDead_
derivatives,_tDResusIM_
derivatives,_tDResusDet_
derivatives,_akResusPhytRef_
derivatives,_tDResusPhytTot_
derivatives,_tPResusDet_
derivatives,_tPResusPO4_
derivatives,_tPResusAIM_
derivatives,_tNResusNO3_
derivatives,_tNResusNH4_
derivatives,_tNResusDet_
derivatives,_tSiResusDet_
derivatives,_aFunTauSetOMHyp_
derivatives,_aFunTauSetIMHyp_
derivatives,_uFunTmSetEpi_
derivatives,_uFunTmSetHyp_
derivatives,_uCorVSetIMHyp_
derivatives,_tDSetIMHyp_
derivatives,_tPSetAIMHyp_
derivatives,_uCorVSetDetHyp_
derivatives,_tDSetDetHyp_
derivatives,_tPSetDetHyp_
derivatives,_tNSetDetHyp_
derivatives,_tSiSetDetHyp_
derivatives,_kPMinDetW_
derivatives,_kNMinDetW_
derivatives,_kSiMinDetW_
derivatives,_uFunTmMinWEpi_
derivatives,_uFunTmMinWHyp_
derivatives,_wDMinDetWHyp_
derivatives,_wPMinDetWHyp_
derivatives,_wNMinDetWHyp_
derivatives,_wSiMinDetWHyp_
derivatives,_aCorO2BODHyp_
derivatives,_wO2MinDetWHyp_
derivatives,_wDDenitWHyp_
derivatives,_wNDenitWHyp_
derivatives,_uFunTmNitrHyp_
derivatives,_uFunTmNitrEpi_
derivatives,_uFunTmNitrS_
derivatives,_aCorO2NitrWHyp_
derivatives,_wNNitrWHyp_
derivatives,_wO2NitrWHyp_
derivatives,_kPMinDetS_
derivatives,_kNMinDetS_
derivatives,_kSiMinDetS_
derivatives,_uFunTmMinS_
derivatives,_tDMinDetS_
derivatives,_tPMinDetS_
derivatives,_tNMinDetS_
derivatives,_tSiMinDetS_
derivatives,_uFunTmDif_
derivatives,_akO2DifCor_
derivatives,_tSOD_
derivatives,_aDepthDif_
derivatives,_tPDifPO4Hyp_
derivatives,_tNDifNO3Hyp_
derivatives,_tNDifNH4Hyp_
derivatives,_tO2DifHyp_
derivatives,_tPDifGroundPO4_
derivatives,_tNDifGroundNO3_
derivatives,_tNDifGroundNH4_
derivatives,_aPAdsMaxWHyp_
derivatives,_aKPAdsWHyp_
derivatives,_aPIsoAdsWHyp_
derivatives,_aPEqIMWHyp_
derivatives,_wPSorpIMWHyp_
derivatives,_tPChemPO4_
derivatives,_tSiAbioTotT_
derivatives,_uQEvPhra_
derivatives,_tPEvPO4WM_
derivatives,_tNEvNH4WM_
derivatives,_tNEvNO3WM_
derivatives,_tPInfPO4WM_
derivatives,_tNInfNH4WM_
derivatives,_tNInfNO3WM_
derivatives,_tPInfPO4SM_
derivatives,_tNInfNH4SM_
derivatives,_tNInfNO3SM_
derivatives,_tO2AerM_
derivatives,_tDSetIMM_
derivatives,_tPSetAIMM_
derivatives,_tDSetDetM_
derivatives,_tPSetDetM_
derivatives,_tNSetDetM_
derivatives,_tSiSetDetM_
derivatives,_tDSetDiatM_
derivatives,_tPSetDiatM_
derivatives,_tNSetDiatM_
derivatives,_tSiSetDiatM_
derivatives,_tDSetGrenM_
derivatives,_tPSetGrenM_
derivatives,_tNSetGrenM_
derivatives,_tDSetBlueM_
derivatives,_tPSetBlueM_
derivatives,_tNSetBlueM_
derivatives,_tDSetPhytM_
derivatives,_tPSetPhytM_
derivatives,_tNSetPhytM_
derivatives,_tDSetTotM_
derivatives,_wDMinDetWM_
derivatives,_wPMinDetWM_
derivatives,_wNMinDetWM_
derivatives,_wSiMinDetWM_
derivatives,_aCorO2BODM_
derivatives,_wO2MinDetWM_
derivatives,_wDDenitWM_
derivatives,_wNDenitWM_
derivatives,_aCorO2NitrWM_
derivatives,_wNNitrWM_
derivatives,_wO2NitrWM_
derivatives,_tDMinDetSM_
derivatives,_tPMinDetSM_
derivatives,_tNMinDetSM_
derivatives,_tSiMinDetSM_
derivatives,_akO2DifCorM_
derivatives,_tSODM_
derivatives,_aDepthOxySedM_
derivatives,_afOxySedM_
derivatives,_tDMinOxyDetSM_
derivatives,_tO2MinDetSM_
derivatives,_tDDenitSM_
derivatives,_tNDenitSM_
derivatives,_tNNitrSM_
derivatives,_tO2NitrSM_
derivatives,_tDMinHumSM_
derivatives,_tPMinHumSM_
derivatives,_tNMinHumSM_
derivatives,_aDepthDifM_
derivatives,_tPDifPO4M_
derivatives,_tNDifNO3M_
derivatives,_tNDifNH4M_
derivatives,_tO2DifM_
derivatives,_tPDifGroundPO4M_
derivatives,_tNDifGroundNO3M_
derivatives,_tNDifGroundNH4M_
derivatives,_aPAdsMaxWM_
derivatives,_aKPAdsWM_
derivatives,_aPIsoAdsWM_
derivatives,_aPEqIMWM_
derivatives,_wPSorpIMWM_
derivatives,_aPAdsMaxSM_
derivatives,_aKPAdsSM_
derivatives,_aPIsoAdsSM_
derivatives,_aPEqIMSM_
derivatives,_tPSorpIMSM_
derivatives,_tPChemPO4M_
derivatives,_aDRootVeg_
derivatives,_bfSubVegEpi_
derivatives,_bfSubVegHyp_
derivatives,_afCovSurfVeg_
derivatives,_afCovEmergVeg_
derivatives,_aCovVeg_
derivatives,_aLPARBotHyp_
derivatives,_rPDVeg_
derivatives,_rNDVeg_
derivatives,_tDMigrVeg_
derivatives,_tPMigrVeg_
derivatives,_tNMigrVeg_
derivatives,_uFunTmRespVeg_
derivatives,_afPUptVegS_
derivatives,_afNUptVegS_
derivatives,_aVPUptMaxCrVeg_
derivatives,_aVPUptVegWHyp_
derivatives,_aVPUptVegS_
derivatives,_aVPUptVegWEpi_
derivatives,_tPUptVegWEpi_
derivatives,_tPUptVegWHyp_
derivatives,_tPUptVegS_
derivatives,_tPUptVegEpi_
derivatives,_tPUptVegHyp_
derivatives,_aVNUptMaxCrVeg_
derivatives,_ahNUptVeg_
derivatives,_aVNUptVegWEpi_
derivatives,_aVNUptVegWHyp_
derivatives,_afNH4UptVegWEpi_
derivatives,_afNH4UptVegWHyp_
derivatives,_tNUptVegWEpi_
derivatives,_tNUptVegWHyp_
derivatives,_tNUptNH4VegWEpi_
derivatives,_tNUptNO3VegWEpi_
derivatives,_tNUptNH4VegWHyp_
derivatives,_tNUptNO3VegWHyp_
derivatives,_aVNUptVegS_
derivatives,_tNUptVegS_
derivatives,_afNH4UptVegS_
derivatives,_tNUptNH4VegS_
derivatives,_tNUptVegSEpi_
derivatives,_tNUptNO3VegS_
derivatives,_tNUptVeg_
derivatives,_aLLimShootVegEpi_
derivatives,_aLLimShootVegHyp_
derivatives,_aMuTmLVegHyp_
derivatives,_aPLimVeg_
derivatives,_aNLimVeg_
derivatives,_aNutLimVeg_
derivatives,_aMuVegHyp_
derivatives,_bkMortVeg_
derivatives,_akDIncrVegHyp_
derivatives,_tDEnvVegHyp_
derivatives,_tDEnvProdVegHyp_
derivatives,_tDProdVegHyp_
derivatives,_tDProdSubVegHyp_
derivatives,_tDRespVeg_
derivatives,_tDEnvMortVegHyp_
derivatives,_tDMortVegHyp_
derivatives,_tDMortVegWHyp_
derivatives,_tDGrazVegBird_
derivatives,_bkManVeg_
derivatives,_tDManVeg_
derivatives,_tPManVeg_
derivatives,_tNManVeg_
derivatives,_tO2ProdVegHyp_
derivatives,_tO2RespVegWHyp_
derivatives,_aDepthOxySed_
derivatives,_afOxySed_
derivatives,_tO2RespVegS_
derivatives,_tO2ProdVegSHyp_
derivatives,_tO2ProdVegWHyp_
derivatives,_tO2UptNO3VegWHyp_
derivatives,_tO2UptNO3VegS_
derivatives,_tPExcrVeg_
derivatives,_tPExcrVegS_
derivatives,_tPExcrVegW_
derivatives,_tPMortVegHyp_
derivatives,_tPMortVegPO4Hyp_
derivatives,_tPMortVegPO4SHyp_
derivatives,_tPMortVegPO4WHyp_
derivatives,_tPMortVegDetHyp_
derivatives,_tPMortVegDetWHyp_
derivatives,_tPMortVegDetSHyp_
derivatives,_tPGrazVegBird_
derivatives,_tNExcrVeg_
derivatives,_tNExcrVegS_
derivatives,_tNExcrVegW_
derivatives,_tNMortVegHyp_
derivatives,_tNMortVegNH4Hyp_
derivatives,_tNMortVegNH4SHyp_
derivatives,_tNMortVegNH4WHyp_
derivatives,_tNMortVegDetHyp_
derivatives,_tNMortVegDetWHyp_
derivatives,_tNMortVegDetSHyp_
derivatives,_tNGrazVegBird_
derivatives,_tDAssVegBird_
derivatives,_tDEgesBird_
derivatives,_tPAssVegBird_
derivatives,_tPEgesBird_
derivatives,_tPEgesBirdPO4_
derivatives,_tPEgesBirdDet_
derivatives,_tNAssVegBird_
derivatives,_tNEgesBird_
derivatives,_tNEgesBirdNH4_
derivatives,_tNEgesBirdDet_
derivatives,_wDBedDetWHyp_
derivatives,_aMuTmLVegEpi_
derivatives,_akDIncrVegEpi_
derivatives,_tDEnvVegEpi_
derivatives,_aMuVegEpi_
derivatives,_tDEnvProdVegEpi_
derivatives,_tDProdVegEpi_
derivatives,_tDEnvMortVegEpi_
derivatives,_tDMortVegEpi_
derivatives,_tNMortVegEpi_
derivatives,_tNMortVegNH4Epi_
derivatives,_tNMortVegNH4SEpi_
derivatives,_wPBedPO4WHyp_
derivatives,_wPBedDetWHyp_
derivatives,_wNBedNH4WHyp_
derivatives,_wNBedNO3WHyp_
derivatives,_wNBedDetWHyp_
derivatives,_tDMortVegSHyp_
derivatives,_tDBedDetSHyp_
derivatives,_tO2BedWHyp_
derivatives,_UseLoss_
derivatives,_uFunTmLossHyp_
derivatives,_uFunTmLossEpi_
derivatives,_rPDBlueWHyp_
derivatives,_rNDBlueWHyp_
derivatives,_rPDBlueS_
derivatives,_rNDBlueS_
derivatives,_uFunTmBlueHyp_
derivatives,_uFunTmProdBlueHyp_
derivatives,_uFunTmRespBlueHyp_
derivatives,_uFunTmBlueEpi_
derivatives,_uFunTmProdBlueEpi_
derivatives,_uFunTmRespBlueEpi_
derivatives,_uFunTmBlueS_
derivatives,_uFunTmRespBlueS_
derivatives,_aVPUptMaxCrBlueHyp_
derivatives,_aVPUptBlueHyp_
derivatives,_wPUptBlueHyp_
derivatives,_aVNUptMaxCrBlueHyp_
derivatives,_ahNUptBlueHyp_
derivatives,_aVNUptBlueHyp_
derivatives,_wNUptBlueHyp_
derivatives,_afNH4UptBlueHyp_
derivatives,_wNUptNH4BlueHyp_
derivatives,_wNUptNO3BlueHyp_
derivatives,_uMuMaxTmBlueHyp_
derivatives,_uMuMaxTmBlueEpi_
derivatives,_aPLimBlueHyp_
derivatives,_aNLimBlueHyp_
derivatives,_aSiLimBlueHyp_
derivatives,_aLLimBlueHyp_
derivatives,_aMuTmLBlueHyp_
derivatives,_aNutLimBlueHyp_
derivatives,_aMuBlueHyp_
derivatives,_wDAssBlueHyp_
derivatives,_rChDBlueHyp_
derivatives,_oChlaBlueHyp_
derivatives,_aExtChBlueHyp_
derivatives,_ukDRespTmBlueHyp_
derivatives,_ukDRespTmBlueEpi_
derivatives,_ukDRespTmBlueS_
derivatives,_wDRespBlueWHyp_
derivatives,_ukLossTmBlueHyp_
derivatives,_ukLossTmBlueEpi_
derivatives,_wDLossBlueHyp_
derivatives,_wDMortBlueWHyp_
derivatives,_uCorVSetBlueHyp_
derivatives,_tDSetBlueHyp_
derivatives,_tDResusBlue_
derivatives,_tDRespBlueS_
derivatives,_tDMortBlueS_
derivatives,_ukDDecBlueHyp_
derivatives,_wPExcrBlueWHyp_
derivatives,_wPLossBlueHyp_
derivatives,_wPMortBlueWHyp_
derivatives,_tPSetBlueHyp_
derivatives,_tPResusBlue_
derivatives,_tPExcrBlueS_
derivatives,_tPMortBlueS_
derivatives,_wNExcrBlueWHyp_
derivatives,_wNLossBlueHyp_
derivatives,_wNMortBlueWHyp_
derivatives,_tNSetBlueHyp_
derivatives,_tNResusBlue_
derivatives,_tNExcrBlueS_
derivatives,_tNMortBlueS_
derivatives,_aFunTauSetOMEpi_
derivatives,_aFunTauSetIMEpi_
derivatives,_uCorVSetBlueEpi_
derivatives,_tDSetBlueEpi_
derivatives,_rNDBlueWEpi_
derivatives,_tNSetBlueEpi_
derivatives,_rPDBlueWEpi_
derivatives,_tPSetBlueEpi_
derivatives,_wDPrimBlueWHyp_
derivatives,_wPPrimBlueWHyp_
derivatives,_wNPrimBlueWHyp_
derivatives,_rPDGrenWHyp_
derivatives,_rNDGrenWHyp_
derivatives,_rPDGrenS_
derivatives,_rNDGrenS_
derivatives,_uFunTmGrenHyp_
derivatives,_uFunTmGrenEpi_
derivatives,_uFunTmGrenS_
derivatives,_uFunTmProdGrenHyp_
derivatives,_uFunTmRespGrenHyp_
derivatives,_uFunTmProdGrenEpi_
derivatives,_uFunTmRespGrenEpi_
derivatives,_uFunTmRespGrenS_
derivatives,_aVPUptMaxCrGrenHyp_
derivatives,_aVPUptGrenHyp_
derivatives,_wPUptGrenHyp_
derivatives,_aVNUptMaxCrGrenHyp_
derivatives,_ahNUptGrenHyp_
derivatives,_aVNUptGrenHyp_
derivatives,_wNUptGrenHyp_
derivatives,_afNH4UptGrenHyp_
derivatives,_wNUptNH4GrenHyp_
derivatives,_wNUptNO3GrenHyp_
derivatives,_uMuMaxTmGrenHyp_
derivatives,_uMuMaxTmGrenEpi_
derivatives,_aPLimGrenHyp_
derivatives,_aNLimGrenHyp_
derivatives,_aSiLimGrenHyp_
derivatives,_aLLimGrenHyp_
derivatives,_aMuTmLGrenHyp_
derivatives,_aNutLimGrenHyp_
derivatives,_aMuGrenHyp_
derivatives,_wDAssGrenHyp_
derivatives,_rChDGrenHyp_
derivatives,_oChlaGrenHyp_
derivatives,_aExtChGrenHyp_
derivatives,_ukDRespTmGrenHyp_
derivatives,_ukDRespTmGrenEpi_
derivatives,_ukDRespTmGrenS_
derivatives,_wDRespGrenWHyp_
derivatives,_ukLossTmGrenHyp_
derivatives,_ukLossTmGrenEpi_
derivatives,_wDLossGrenHyp_
derivatives,_wDMortGrenWHyp_
derivatives,_uCorVSetGrenHyp_
derivatives,_tDSetGrenHyp_
derivatives,_tDResusGren_
derivatives,_tDRespGrenS_
derivatives,_tDMortGrenS_
derivatives,_ukDDecGrenHyp_
derivatives,_wPExcrGrenWHyp_
derivatives,_wPLossGrenHyp_
derivatives,_wPMortGrenWHyp_
derivatives,_tPSetGrenHyp_
derivatives,_tPResusGren_
derivatives,_tPExcrGrenS_
derivatives,_tPMortGrenS_
derivatives,_wNExcrGrenWHyp_
derivatives,_wNLossGrenHyp_
derivatives,_wNMortGrenWHyp_
derivatives,_tNSetGrenHyp_
derivatives,_tNResusGren_
derivatives,_tNExcrGrenS_
derivatives,_tNMortGrenS_
derivatives,_uCorVSetGrenEpi_
derivatives,_tDSetGrenEpi_
derivatives,_rNDGrenWEpi_
derivatives,_tNSetGrenEpi_
derivatives,_rPDGrenWEpi_
derivatives,_tPSetGrenEpi_
derivatives,_wDPrimGrenWHyp_
derivatives,_wPPrimGrenWHyp_
derivatives,_wNPrimGrenWHyp_
derivatives,_rPDDiatWHyp_
derivatives,_rNDDiatWHyp_
derivatives,_rPDDiatS_
derivatives,_uFunTmDiatHyp_
derivatives,_rNDDiatS_
derivatives,_uFunTmDiatEpi_
derivatives,_uFunTmDiatS_
derivatives,_uFunTmProdDiatHyp_
derivatives,_uFunTmRespDiatHyp_
derivatives,_uFunTmProdDiatEpi_
derivatives,_uFunTmRespDiatEpi_
derivatives,_uFunTmRespDiatS_
derivatives,_aVPUptMaxCrDiatHyp_
derivatives,_aVPUptDiatHyp_
derivatives,_wPUptDiatHyp_
derivatives,_aVNUptMaxCrDiatHyp_
derivatives,_ahNUptDiatHyp_
derivatives,_aVNUptDiatHyp_
derivatives,_wNUptDiatHyp_
derivatives,_afNH4UptDiatHyp_
derivatives,_wNUptNH4DiatHyp_
derivatives,_wNUptNO3DiatHyp_
derivatives,_uMuMaxTmDiatHyp_
derivatives,_uMuMaxTmDiatEpi_
derivatives,_aPLimDiatHyp_
derivatives,_aNLimDiatHyp_
derivatives,_aSiLimDiatHyp_
derivatives,_aLLimDiatHyp_
derivatives,_aMuTmLDiatHyp_
derivatives,_aNutLimDiatHyp_
derivatives,_aMuDiatHyp_
derivatives,_wDAssDiatHyp_
derivatives,_rChDDiatHyp_
derivatives,_oChlaDiatHyp_
derivatives,_aExtChDiatHyp_
derivatives,_ukDRespTmDiatHyp_
derivatives,_ukDRespTmDiatEpi_
derivatives,_ukDRespTmDiatS_
derivatives,_wDRespDiatWHyp_
derivatives,_ukLossTmDiatHyp_
derivatives,_ukLossTmDiatEpi_
derivatives,_wDLossDiatHyp_
derivatives,_wDMortDiatWHyp_
derivatives,_uCorVSetDiatHyp_
derivatives,_tDSetDiatHyp_
derivatives,_tDResusDiat_
derivatives,_tDRespDiatS_
derivatives,_tDMortDiatS_
derivatives,_ukDDecDiatHyp_
derivatives,_wPExcrDiatWHyp_
derivatives,_wPLossDiatHyp_
derivatives,_wPMortDiatWHyp_
derivatives,_tPSetDiatHyp_
derivatives,_tPResusDiat_
derivatives,_tPExcrDiatS_
derivatives,_tPMortDiatS_
derivatives,_wNExcrDiatWHyp_
derivatives,_wNLossDiatHyp_
derivatives,_wNMortDiatWHyp_
derivatives,_tNSetDiatHyp_
derivatives,_tNResusDiat_
derivatives,_tNExcrDiatS_
derivatives,_tNMortDiatS_
derivatives,_uCorVSetDiatEpi_
derivatives,_tDSetDiatEpi_
derivatives,_rPDDiatWEpi_
derivatives,_tPSetDiatEpi_
derivatives,_rNDDiatWEpi_
derivatives,_tNSetDiatEpi_
derivatives,_wDPrimDiatWHyp_
derivatives,_wPPrimDiatWHyp_
derivatives,_wNPrimDiatWHyp_
derivatives,_oChlaHyp_
derivatives,_wDAssPhytHyp_
derivatives,_wDRespPhytWHyp_
derivatives,_wDMortPhytWHyp_
derivatives,_tDSetPhytHyp_
derivatives,_wDLossPhytHyp_
derivatives,_wDPrimPhytWHyp_
derivatives,_wPUptPhytHyp_
derivatives,_wPExcrPhytWHyp_
derivatives,_wPMortPhytWHyp_
derivatives,_tPSetPhytHyp_
derivatives,_tPResusPhyt_
derivatives,_wPLossPhytHyp_
derivatives,_wPPrimPhytWHyp_
derivatives,_wNUptPhytHyp_
derivatives,_wNUptNH4PhytHyp_
derivatives,_wNUptNO3PhytHyp_
derivatives,_wNExcrPhytWHyp_
derivatives,_wNMortPhytWHyp_
derivatives,_tNSetPhytHyp_
derivatives,_tNResusPhyt_
derivatives,_wNLossPhytHyp_
derivatives,_wNPrimPhytWHyp_
derivatives,_tDRespPhytS_
derivatives,_tDMortPhytS_
derivatives,_tPExcrPhytS_
derivatives,_tPMortPhytS_
derivatives,_tNExcrPhytS_
derivatives,_tNMortPhytS_
derivatives,_wSiUptDiatHyp_
derivatives,_wSiExcrDiatWHyp_
derivatives,_wSiLossDiatHyp_
derivatives,_wSiMortDiatWHyp_
derivatives,_tSiSetDiatHyp_
derivatives,_tSiResusDiat_
derivatives,_rCyDBlueHyp_
derivatives,_oCyanHyp_
derivatives,_fDDiatHyp_
derivatives,_wDPrimDetWHyp_
derivatives,_wO2ProdPhytHyp_
derivatives,_wO2RespPhytWHyp_
derivatives,_wO2UptNO3PhytHyp_
derivatives,_wO2PrimWHyp_
derivatives,_wPMortPhytPO4WHyp_
derivatives,_wPMortPhytDetWHyp_
derivatives,_wPLossPhytPO4Hyp_
derivatives,_wPLossPhytDetHyp_
derivatives,_wPPrimPO4WHyp_
derivatives,_wPPrimDetWHyp_
derivatives,_tPMortPhytPO4S_
derivatives,_tPMortPhytDetS_
derivatives,_tPPrimPO4S_
derivatives,_tPPrimTotT_
derivatives,_wNMortPhytNH4WHyp_
derivatives,_wNMortPhytDetWHyp_
derivatives,_wNLossPhytNH4Hyp_
derivatives,_wNLossPhytDetHyp_
derivatives,_wNPrimNH4WHyp_
derivatives,_wNPrimNO3WHyp_
derivatives,_wNPrimDetWHyp_
derivatives,_tNMortPhytNH4S_
derivatives,_tNMortPhytDetS_
derivatives,_tNPrimNH4S_
derivatives,_tNPrimNO3S_
derivatives,_tNPrimTotT_
derivatives,_tSiExcrDiatS_
derivatives,_tSiMortDiatS_
derivatives,_wSiPrimSiO2WHyp_
derivatives,_wSiPrimDetWHyp_
derivatives,_tSiPrimTotT_
derivatives,_aPACoefEpi_
derivatives,_aPACoefHyp_
derivatives,_bSecchiMaxEpi_
derivatives,_aSecchiEpi_
derivatives,_aTransparencyEpi_
derivatives,_bSecchiMaxHyp_
derivatives,_aSecchiHyp_
derivatives,_aSecchiT_
derivatives,_aTransparencyHyp_
derivatives,_aTransparencyT_
derivatives,_aDepthEuphHyp_
derivatives,_aRelDepthEuphHyp_
derivatives,_aChlaHHyp_
derivatives,_aCovPhytWHyp_
derivatives,_rExtChPhytHyp_
derivatives,_uFunTmZooHyp_
derivatives,_uFunTmZooEpi_
derivatives,_rPDZooHyp_
derivatives,_rNDZooHyp_
derivatives,_oDFoodZooHyp_
derivatives,_aFiltHyp_
derivatives,_ukDAssTmZooHyp_
derivatives,_ukDAssTmZooEpi_
derivatives,_aDSatZooHyp_
derivatives,_ukDRespTmZooHyp_
derivatives,_ukDRespTmZooEpi_
derivatives,_ukDIncrZooHyp_
derivatives,_ukDIncrZooEpi_
derivatives,_wDEnvZooHyp_
derivatives,_wDAssZooHyp_
derivatives,_wDConsZooHyp_
derivatives,_wDConsDetZooHyp_
derivatives,_wDConsDiatZooHyp_
derivatives,_wDConsGrenZooHyp_
derivatives,_wDConsBlueZooHyp_
derivatives,_wDConsPhytZooHyp_
derivatives,_wDEgesZooHyp_
derivatives,_aCorDRespZooHyp_
derivatives,_wDRespZooHyp_
derivatives,_wDMortZooHyp_
derivatives,_oPFoodZooHyp_
derivatives,_rPDFoodZooHyp_
derivatives,_wPConsDiatZooHyp_
derivatives,_wPConsGrenZooHyp_
derivatives,_wPConsBlueZooHyp_
derivatives,_wPConsPhytZooHyp_
derivatives,_wPConsDetZooHyp_
derivatives,_wPConsZooHyp_
derivatives,_afPAssZooHyp_
derivatives,_wPAssZooHyp_
derivatives,_wPEgesZooHyp_
derivatives,_wPEgesZooPO4Hyp_
derivatives,_wPEgesZooDetHyp_
derivatives,_akPExcrZooHyp_
derivatives,_wPExcrZooHyp_
derivatives,_wPMortZooHyp_
derivatives,_wPMortZooPO4Hyp_
derivatives,_wPMortZooDetHyp_
derivatives,_oNFoodZooHyp_
derivatives,_rNDFoodZooHyp_
derivatives,_wNConsDiatZooHyp_
derivatives,_wNConsGrenZooHyp_
derivatives,_wNConsBlueZooHyp_
derivatives,_wNConsPhytZooHyp_
derivatives,_wNConsDetZooHyp_
derivatives,_wNConsZooHyp_
derivatives,_afNAssZooHyp_
derivatives,_wNAssZooHyp_
derivatives,_wNEgesZooHyp_
derivatives,_wNEgesZooNH4Hyp_
derivatives,_wNEgesZooDetHyp_
derivatives,_kNExcrZooHyp_
derivatives,_wNExcrZooHyp_
derivatives,_wNMortZooHyp_
derivatives,_wNMortZooNH4Hyp_
derivatives,_wNMortZooDetHyp_
derivatives,_wSiConsDiatZooHyp_
derivatives,_uFunTmBent_
derivatives,_aDFoodBent_
derivatives,_rPDBent_
derivatives,_rNDBent_
derivatives,_tDMigrBent_
derivatives,_aDSatBent_
derivatives,_ukDIncrBent_
derivatives,_tDEnvBent_
derivatives,_tDAssBent_
derivatives,_aDAssBentSp_
derivatives,_tDConsBent_
derivatives,_tDConsDetBent_
derivatives,_tDConsDiatBent_
derivatives,_tDConsGrenBent_
derivatives,_tDConsBlueBent_
derivatives,_tDConsPhytBent_
derivatives,_tDEgesBent_
derivatives,_tDRespBent_
derivatives,_tDMortBent_
derivatives,_aPFoodBent_
derivatives,_rPDFoodBent_
derivatives,_tPConsDetBent_
derivatives,_tPConsDiatBent_
derivatives,_tPConsGrenBent_
derivatives,_tPConsBlueBent_
derivatives,_tPConsPhytBent_
derivatives,_tPConsBent_
derivatives,_afPAssBent_
derivatives,_tPAssBent_
derivatives,_tPEgesBent_
derivatives,_tPEgesBentPO4_
derivatives,_tPEgesBentDet_
derivatives,_tPExcrBent_
derivatives,_tPMortBent_
derivatives,_tPMortBentPO4_
derivatives,_tPMortBentDet_
derivatives,_tPMigrBent_
derivatives,_aNFoodBent_
derivatives,_rNDFoodBent_
derivatives,_tNMigrBent_
derivatives,_tNConsDetBent_
derivatives,_tNConsDiatBent_
derivatives,_tNConsGrenBent_
derivatives,_tNConsBlueBent_
derivatives,_tNConsPhytBent_
derivatives,_tNConsBent_
derivatives,_afNAssBent_
derivatives,_tNAssBent_
derivatives,_tNEgesBent_
derivatives,_tNEgesBentNH4_
derivatives,_tNEgesBentDet_
derivatives,_tNExcrBent_
derivatives,_tNMortBent_
derivatives,_tNMortBentNH4_
derivatives,_tNMortBentDet_
derivatives,_tSiConsDiatBent_
derivatives,_aFunVegFish_
derivatives,_ukDIncrFiJv_
derivatives,_aDSatFiAd_
derivatives,_ukDIncrFiAd_
derivatives,_ukHarvFish_
derivatives,_afPAssFiAd_
derivatives,_afNAssFiAd_
derivatives,_uFunTmPisc_
derivatives,_aDCarrPisc_
derivatives,_aFunVegPisc_
derivatives,_akDIncrPisc_
derivatives,_ukHarvPisc_
derivatives,_tDWebDetS_
derivatives,_tDWebDiatS_
derivatives,_tDWebGrenS_
derivatives,_tDWebBlueS_
derivatives,_tDWebPhytS_
derivatives,_tPWebPO4S_
derivatives,_tPWebDetS_
derivatives,_tPWebDiatS_
derivatives,_tPWebGrenS_
derivatives,_tPWebBlueS_
derivatives,_tPWebPhytS_
derivatives,_tNWebNH4S_
derivatives,_tNWebNO3S_
derivatives,_tNWebDetS_
derivatives,_tNWebDiatS_
derivatives,_tNWebGrenS_
derivatives,_tNWebBlueS_
derivatives,_tNWebPhytS_
derivatives,_wSiWebSiO2W_
derivatives,_wSiWebDetWHyp_
derivatives,_tSiWebDetS_
derivatives,_tSiWebTotT_
derivatives,_aPrefAveHyp_
derivatives,_wDConsZoo2Hyp_
derivatives,_aDConsZooSpHyp_
derivatives,_aDAssZooSpHyp_
derivatives,_aDGrazSpHyp_
derivatives,_aPConsZooSpHyp_
derivatives,_aPGrazSpHyp_
derivatives,_aNConsZooSpHyp_
derivatives,_aNGrazSpHyp_
derivatives,_afDShootPhra_
derivatives,_rDSRPhra_
derivatives,_rPDShootPhra_
derivatives,_rNDShootPhra_
derivatives,_rPDRootPhra_
derivatives,_rNDRootPhra_
derivatives,_aLengShootPhra_
derivatives,_bDayInitPhra_
derivatives,_aDAllPhra_
derivatives,_tDAllPhra_
derivatives,_tNTransPhra_
derivatives,_tPTransPhra_
derivatives,_aVNUptPhraMaxCr_
derivatives,_ahNUptPhraS_
derivatives,_aVNUptPhraS_
derivatives,_tNUptPhraS_
derivatives,_tNUptNH4PhraS_
derivatives,_tNUptNO3PhraS_
derivatives,_tNUptShootPhra_
derivatives,_tNUptRootPhra_
derivatives,_aVPUptPhraMaxCr_
derivatives,_ahPUptPhraS_
derivatives,_aVPUptPhraS_
derivatives,_tPUptPhraS_
derivatives,_tPUptShootPhra_
derivatives,_tPUptRootPhra_
derivatives,_uFunTmProdPhra_
derivatives,_ukDRespTmPhra_
derivatives,_aMuPhotPhra_
derivatives,_aNLimProdPhra_
derivatives,_aPLimProdPhra_
derivatives,_aNutLimPhra_
derivatives,_aMuPhra_
derivatives,_akDIncrPhra_
derivatives,_tDDensPhra_
derivatives,_tDDensProdPhra_
derivatives,_tDProdPhra_
derivatives,_tDProdShootPhra_
derivatives,_tDProdRootPhra_
derivatives,_tDRespShootPhra_
derivatives,_tDRespRootPhra_
derivatives,_tO2RespRootPhra_
derivatives,_tO2FlowPhra_
derivatives,_bDayRealPhra_
derivatives,_aDRealPhra_
derivatives,_tDRealPhra_
derivatives,_tNRetrPhra_
derivatives,_tPRetrPhra_
derivatives,_tDMortShootPhra_
derivatives,_tNMortShootPhra_
derivatives,_tPMortShootPhra_
derivatives,_tDMortRootPhra_
derivatives,_tNMortRootPhra_
derivatives,_tPMortRootPhra_
derivatives,_tDManShootPhra_
derivatives,_tNManShootPhra_
derivatives,_tPManShootPhra_
derivatives,_tDIMSM_
derivatives,_tDHumSM_
derivatives,_tDDetSM_
derivatives,_vDeltaSM_
derivatives,_tDBurIMM_
derivatives,_tDBurOMM_
derivatives,_tDBurDetM_
derivatives,_tDBurHumM_
derivatives,_tDBurTotM_
derivatives,_tPBurHumM_
derivatives,_tPBurDetM_
derivatives,_tPBurAIMM_
derivatives,_tPBurPO4M_
derivatives,_tPBurTotM_
derivatives,_tNBurHumM_
derivatives,_tNBurDetM_
derivatives,_tNBurNH4M_
derivatives,_tNBurNO3M_
derivatives,_tNBurTotM_
derivatives,_tSiBurDetM_
derivatives,_tSiBurTotM_
derivatives,_vDeltaWM_
derivatives,_aRelDeltaWM_
derivatives,_tDSetTotHyp_
derivatives,_tPSetTotHyp_
derivatives,_tNSetTotHyp_
derivatives,_bTimeDred_
derivatives,_bRhoSolidSoil_
derivatives,_tDMarsTotT_
derivatives,_tPMarsTotT_
derivatives,_tNMarsTotT_
derivatives,_tSiMarsTotT_
derivatives,_uTauSubstEpi_
derivatives,_akExchMEpi_
derivatives,_afVolMarshEpi_
derivatives,_akExchLEpi_
derivatives,_oPPhytWEpi_
derivatives,_oNPhytWEpi_
derivatives,_oDSestWEpi_
derivatives,_oPOMWEpi_
derivatives,_oPSestWEpi_
derivatives,_oPInorgWEpi_
derivatives,_oPTotWEpi_
derivatives,_oNOMWEpi_
derivatives,_oNSestWEpi_
derivatives,_oNkjWEpi_
derivatives,_oNTotWEpi_
derivatives,_rPDIMWEpi_
derivatives,_rPDDetWEpi_
derivatives,_rNDDetWEpi_
derivatives,_rSiDDetWEpi_
derivatives,_wDDilIMEpi_
derivatives,_wDDilDetEpi_
derivatives,_wDDilDiatEpi_
derivatives,_wDDilGrenEpi_
derivatives,_wDDilBlueEpi_
derivatives,_wDDilPhytEpi_
derivatives,_wDDilZooEpi_
derivatives,_wPDilZooEpi_
derivatives,_wNDilZooEpi_
derivatives,_wPDilPO4Epi_
derivatives,_wPDilDetEpi_
derivatives,_wPDilAIMEpi_
derivatives,_wNDilNH4Epi_
derivatives,_wNDilNO3Epi_
derivatives,_wNDilDetEpi_
derivatives,_wO2InflowEpi_
derivatives,_wO2OutflEpi_
derivatives,_wPDilDiatEpi_
derivatives,_wNDilDiatEpi_
derivatives,_wPDilGrenEpi_
derivatives,_wNDilGrenEpi_
derivatives,_wPDilBlueEpi_
derivatives,_wNDilBlueEpi_
derivatives,_wPDilPhytEpi_
derivatives,_wNDilPhytEpi_
derivatives,_wDOutflTotEpi_
derivatives,_wPOutflTotEpi_
derivatives,_wNOutflTotEpi_
derivatives,_wDTranDiatEpi_
derivatives,_wPTranDiatEpi_
derivatives,_wNTranDiatEpi_
derivatives,_wDTranGrenEpi_
derivatives,_wPTranGrenEpi_
derivatives,_wNTranGrenEpi_
derivatives,_wDTranBlueEpi_
derivatives,_wPTranBlueEpi_
derivatives,_wNTranBlueEpi_
derivatives,_wDTranPhytEpi_
derivatives,_wPTranPhytEpi_
derivatives,_wNTranPhytEpi_
derivatives,_wSiDilSiO2Epi_
derivatives,_wSiDilDetEpi_
derivatives,_wSiDilDiatEpi_
derivatives,_wSiOutflTotEpi_
derivatives,_wSiTranSiO2Epi_
derivatives,_wSiTranDetWEpi_
derivatives,_tSiTranTotTEpi_
derivatives,_wDTranZooEpi_
derivatives,_wPTranZooEpi_
derivatives,_wNTranZooEpi_
derivatives,_wDTranIMWEpi_
derivatives,_wDTranDetWEpi_
derivatives,_wO2TranWEpi_
derivatives,_wPTranPO4WEpi_
derivatives,_wPTranAIMWEpi_
derivatives,_wPTranDetWEpi_
derivatives,_wNTranNH4WEpi_
derivatives,_wNTranNO3WEpi_
derivatives,_wNTranDetWEpi_
derivatives,_wDDilTotEpi_
derivatives,_wPDilTotEpi_
derivatives,_wNDilTotEpi_
derivatives,_wSiDilTotEpi_
derivatives,_tDTranTotTEpi_
derivatives,_tPTranTotTEpi_
derivatives,_tNTranTotTEpi_
derivatives,_wDExchIMMEpi_
derivatives,_wPExchPO4MEpi_
derivatives,_wPExchAIMMEpi_
derivatives,_wNExchNH4MEpi_
derivatives,_wNExchNO3MEpi_
derivatives,_wSiExchSiO2MEpi_
derivatives,_wO2ExchMEpi_
derivatives,_wDExchDetMEpi_
derivatives,_wPExchDetMEpi_
derivatives,_wNExchDetMEpi_
derivatives,_wSiExchDetMEpi_
derivatives,_wDExchDiatMEpi_
derivatives,_wPExchDiatMEpi_
derivatives,_wNExchDiatMEpi_
derivatives,_wSiExchDiatMEpi_
derivatives,_wDExchGrenMEpi_
derivatives,_wPExchGrenMEpi_
derivatives,_wNExchGrenMEpi_
derivatives,_wDExchBlueMEpi_
derivatives,_wPExchBlueMEpi_
derivatives,_wNExchBlueMEpi_
derivatives,_wDExchZooMEpi_
derivatives,_wPExchZooMEpi_
derivatives,_wNExchZooMEpi_
derivatives,_wDExchIMEpi_
derivatives,_wPExchPO4Epi_
derivatives,_wPExchAIMEpi_
derivatives,_wNExchNH4Epi_
derivatives,_wNExchNO3Epi_
derivatives,_wSiExchSiO2Epi_
derivatives,_wO2ExchEpi_
derivatives,_wDExchDetEpi_
derivatives,_wPExchDetEpi_
derivatives,_wNExchDetEpi_
derivatives,_wSiExchDetEpi_
derivatives,_wDExchDiatEpi_
derivatives,_wPExchDiatEpi_
derivatives,_wNExchDiatEpi_
derivatives,_wSiExchDiatEpi_
derivatives,_wDExchGrenEpi_
derivatives,_wPExchGrenEpi_
derivatives,_wNExchGrenEpi_
derivatives,_wDExchBlueEpi_
derivatives,_wPExchBlueEpi_
derivatives,_wNExchBlueEpi_
derivatives,_wDExchZooEpi_
derivatives,_wPExchZooEpi_
derivatives,_wNExchZooEpi_
derivatives,_tPInfPO4WEpi_
derivatives,_tNInfNH4WEpi_
derivatives,_tNInfNO3WEpi_
derivatives,_tO2AerEpi_
derivatives,_tDTurbFishIM_
derivatives,_uCorVSetIMEpi_
derivatives,_tDSetIMEpi_
derivatives,_tPSetAIMEpi_
derivatives,_uCorVSetDetEpi_
derivatives,_tDSetDetEpi_
derivatives,_tPSetDetEpi_
derivatives,_tNSetDetEpi_
derivatives,_tSiSetDetEpi_
derivatives,_wDMinDetWEpi_
derivatives,_wPMinDetWEpi_
derivatives,_wNMinDetWEpi_
derivatives,_wSiMinDetWEpi_
derivatives,_aCorO2BODEpi_
derivatives,_wO2MinDetWEpi_
derivatives,_wDDenitWEpi_
derivatives,_wNDenitWEpi_
derivatives,_aCorO2NitrWEpi_
derivatives,_wNNitrWEpi_
derivatives,_wO2NitrWEpi_
derivatives,_tDMinOxyDetS_
derivatives,_tO2MinDetS_
derivatives,_tDDenitS_
derivatives,_tNDenitS_
derivatives,_tNNitrS_
derivatives,_tO2NitrS_
derivatives,_tDMinHumS_
derivatives,_tPMinHumS_
derivatives,_tNMinHumS_
derivatives,_tPDifPO4Epi_
derivatives,_tNDifNO3Epi_
derivatives,_tNDifNH4Epi_
derivatives,_tO2DifEpi_
derivatives,_aPAdsMaxWEpi_
derivatives,_aKPAdsWEpi_
derivatives,_aPIsoAdsWEpi_
derivatives,_aPEqIMWEpi_
derivatives,_wPSorpIMWEpi_
derivatives,_aPAdsMaxS_
derivatives,_aKPAdsS_
derivatives,_aPIsoAdsS_
derivatives,_aPEqIMS_
derivatives,_tPSorpIMS_
derivatives,_wO2AbioWHyp_
derivatives,_wPAbioDetWHyp_
derivatives,_wPAbioPO4WHyp_
derivatives,_wPAbioAIMWHyp_
derivatives,_tPAbioTotT_
derivatives,_wNAbioNH4WHyp_
derivatives,_wNAbioNO3WHyp_
derivatives,_wNAbioDetWHyp_
derivatives,_wSiAbioSiO2WHyp_
derivatives,_wSiAbioDetWHyp_
derivatives,_wDAbioDetWHyp_
derivatives,_wDAbioIMWHyp_
derivatives,_wDAbioIMWEpi_
derivatives,_wDAbioDetWEpi_
derivatives,_tDAbioIMS_
derivatives,_tDAbioDetS_
derivatives,_tDAbioHumS_
derivatives,_tDAbioTotT_
derivatives,_wO2AbioWEpi_
derivatives,_wO2AbioM_
derivatives,_wPAbioDetWEpi_
derivatives,_wPAbioPO4WEpi_
derivatives,_wPAbioAIMWEpi_
derivatives,_tPAbioDetS_
derivatives,_tPAbioHumS_
derivatives,_tPAbioPO4S_
derivatives,_tPAbioAIMS_
derivatives,_wNAbioNH4WEpi_
derivatives,_wNAbioNO3WEpi_
derivatives,_wNAbioDetWEpi_
derivatives,_tNAbioNH4S_
derivatives,_tNAbioNO3S_
derivatives,_tNAbioDetS_
derivatives,_tNAbioHumS_
derivatives,_tNAbioTotT_
derivatives,_wSiAbioSiO2WEpi_
derivatives,_wSiAbioDetWEpi_
derivatives,_tSiAbioDetS_
derivatives,_tDProdSubVegEpi_
derivatives,_tDMortVegWEpi_
derivatives,_tDMortVegSEpi_
derivatives,_tDBedVeg_
derivatives,_tO2ProdVegEpi_
derivatives,_tO2RespVegWEpi_
derivatives,_tO2ProdVegSEpi_
derivatives,_tO2ProdVegWEpi_
derivatives,_tO2BedS_
derivatives,_tO2UptNO3VegWEpi_
derivatives,_tPMortVegEpi_
derivatives,_tPMortVegPO4Epi_
derivatives,_tPMortVegPO4SEpi_
derivatives,_tPMortVegPO4WEpi_
derivatives,_tPMortVegDetEpi_
derivatives,_tPMortVegDetWEpi_
derivatives,_tPMortVegDetSEpi_
derivatives,_tPBedVeg_
derivatives,_tNMortVegNH4WEpi_
derivatives,_tNMortVegDetEpi_
derivatives,_tNMortVegDetWEpi_
derivatives,_tNMortVegDetSEpi_
derivatives,_tNBedVeg_
derivatives,_wDBedDetWEpi_
derivatives,_tDBedDetSEpi_
derivatives,_wPBedPO4WEpi_
derivatives,_wPBedDetWEpi_
derivatives,_tPBedPO4S_
derivatives,_tPBedDetS_
derivatives,_wNBedNH4WEpi_
derivatives,_wNBedNO3WEpi_
derivatives,_wNBedDetWEpi_
derivatives,_tNBedNH4S_
derivatives,_tNBedNO3S_
derivatives,_tNBedDetS_
derivatives,_tO2BedWEpi_
derivatives,_aVPUptMaxCrBlueEpi_
derivatives,_aVPUptBlueEpi_
derivatives,_wPUptBlueEpi_
derivatives,_aVNUptMaxCrBlueEpi_
derivatives,_ahNUptBlueEpi_
derivatives,_aVNUptBlueEpi_
derivatives,_wNUptBlueEpi_
derivatives,_afNH4UptBlueEpi_
derivatives,_wNUptNH4BlueEpi_
derivatives,_wNUptNO3BlueEpi_
derivatives,_aPLimBlueEpi_
derivatives,_aNLimBlueEpi_
derivatives,_aSiLimBlueEpi_
derivatives,_aLLimBlueEpi_
derivatives,_aMuTmLBlueEpi_
derivatives,_aNutLimBlueEpi_
derivatives,_aMuBlueEpi_
derivatives,_wDAssBlueEpi_
derivatives,_rChDBlueEpi_
derivatives,_oChlaBlueEpi_
derivatives,_aExtChBlueEpi_
derivatives,_wDRespBlueWEpi_
derivatives,_wDLossBlueEpi_
derivatives,_wDMortBlueWEpi_
derivatives,_ukDDecBlueEpi_
derivatives,_wPExcrBlueWEpi_
derivatives,_wPLossBlueEpi_
derivatives,_wPMortBlueWEpi_
derivatives,_wNExcrBlueWEpi_
derivatives,_wNLossBlueEpi_
derivatives,_wNMortBlueWEpi_
derivatives,_wDPrimBlueWEpi_
derivatives,_wPPrimBlueWEpi_
derivatives,_wNPrimBlueWEpi_
derivatives,_tDPrimBlueS_
derivatives,_tPPrimBlueS_
derivatives,_tNPrimBlueS_
derivatives,_aVPUptMaxCrGrenEpi_
derivatives,_aVPUptGrenEpi_
derivatives,_wPUptGrenEpi_
derivatives,_aVNUptMaxCrGrenEpi_
derivatives,_ahNUptGrenEpi_
derivatives,_aVNUptGrenEpi_
derivatives,_wNUptGrenEpi_
derivatives,_afNH4UptGrenEpi_
derivatives,_wNUptNH4GrenEpi_
derivatives,_wNUptNO3GrenEpi_
derivatives,_aPLimGrenEpi_
derivatives,_aNLimGrenEpi_
derivatives,_aSiLimGrenEpi_
derivatives,_aLLimGrenEpi_
derivatives,_aMuTmLGrenEpi_
derivatives,_aNutLimGrenEpi_
derivatives,_aMuGrenEpi_
derivatives,_wDAssGrenEpi_
derivatives,_rChDGrenEpi_
derivatives,_oChlaGrenEpi_
derivatives,_aExtChGrenEpi_
derivatives,_wDRespGrenWEpi_
derivatives,_wDLossGrenEpi_
derivatives,_wDMortGrenWEpi_
derivatives,_ukDDecGrenEpi_
derivatives,_wPExcrGrenWEpi_
derivatives,_wPLossGrenEpi_
derivatives,_wPMortGrenWEpi_
derivatives,_wNExcrGrenWEpi_
derivatives,_wNLossGrenEpi_
derivatives,_wNMortGrenWEpi_
derivatives,_wDPrimGrenWEpi_
derivatives,_wPPrimGrenWEpi_
derivatives,_wNPrimGrenWEpi_
derivatives,_tDPrimGrenS_
derivatives,_tPPrimGrenS_
derivatives,_tNPrimGrenS_
derivatives,_aVPUptMaxCrDiatEpi_
derivatives,_aVPUptDiatEpi_
derivatives,_wPUptDiatEpi_
derivatives,_aVNUptMaxCrDiatEpi_
derivatives,_ahNUptDiatEpi_
derivatives,_aVNUptDiatEpi_
derivatives,_wNUptDiatEpi_
derivatives,_afNH4UptDiatEpi_
derivatives,_wNUptNH4DiatEpi_
derivatives,_wNUptNO3DiatEpi_
derivatives,_aPLimDiatEpi_
derivatives,_aNLimDiatEpi_
derivatives,_aSiLimDiatEpi_
derivatives,_aLLimDiatEpi_
derivatives,_aMuTmLDiatEpi_
derivatives,_aNutLimDiatEpi_
derivatives,_aMuDiatEpi_
derivatives,_wDAssDiatEpi_
derivatives,_rChDDiatEpi_
derivatives,_oChlaDiatEpi_
derivatives,_aExtChDiatEpi_
derivatives,_wDRespDiatWEpi_
derivatives,_wDLossDiatEpi_
derivatives,_wDMortDiatWEpi_
derivatives,_ukDDecDiatEpi_
derivatives,_wPExcrDiatWEpi_
derivatives,_wPLossDiatEpi_
derivatives,_wPMortDiatWEpi_
derivatives,_wNExcrDiatWEpi_
derivatives,_wNLossDiatEpi_
derivatives,_wNMortDiatWEpi_
derivatives,_wDPrimDiatWEpi_
derivatives,_wPPrimDiatWEpi_
derivatives,_wNPrimDiatWEpi_
derivatives,_tDPrimDiatS_
derivatives,_tPPrimDiatS_
derivatives,_tNPrimDiatS_
derivatives,_oChlaEpi_
derivatives,_oChla_
derivatives,_aLPIEpi_
derivatives,_aLMeasEpi_
derivatives,_oChlaMeasEpi_
derivatives,_wDAssPhytEpi_
derivatives,_wDRespPhytWEpi_
derivatives,_wDMortPhytWEpi_
derivatives,_tDSetPhytEpi_
derivatives,_wDLossPhytEpi_
derivatives,_wDPrimPhytWEpi_
derivatives,_wPUptPhytEpi_
derivatives,_wPExcrPhytWEpi_
derivatives,_wPMortPhytWEpi_
derivatives,_tPSetPhytEpi_
derivatives,_wPLossPhytEpi_
derivatives,_wPPrimPhytWEpi_
derivatives,_wNUptPhytEpi_
derivatives,_wNUptNH4PhytEpi_
derivatives,_wNUptNO3PhytEpi_
derivatives,_wNExcrPhytWEpi_
derivatives,_wNMortPhytWEpi_
derivatives,_tNSetPhytEpi_
derivatives,_wNLossPhytEpi_
derivatives,_wNPrimPhytWEpi_
derivatives,_tDPrimPhytS_
derivatives,_tPPrimPhytS_
derivatives,_tNPrimPhytS_
derivatives,_wSiUptDiatEpi_
derivatives,_wSiExcrDiatWEpi_
derivatives,_wSiLossDiatEpi_
derivatives,_wSiMortDiatWEpi_
derivatives,_tSiSetDiatEpi_
derivatives,_wSiPrimDiatWHyp_
derivatives,_wSiPrimDiatWEpi_
derivatives,_rCyDBlueEpi_
derivatives,_oCyanEpi_
derivatives,_fDDiatEpi_
derivatives,_wDPrimDetWEpi_
derivatives,_tDPrimDetS_
derivatives,_tDPrimTotT_
derivatives,_wO2ProdPhytEpi_
derivatives,_wO2RespPhytWEpi_
derivatives,_wO2UptNO3PhytEpi_
derivatives,_wO2PrimWEpi_
derivatives,_tO2RespPhytS_
derivatives,_tO2PrimS_
derivatives,_tO2PrimSHyp_
derivatives,_tO2PrimSEpi_
derivatives,_wPMortPhytPO4WEpi_
derivatives,_wPMortPhytDetWEpi_
derivatives,_wPLossPhytPO4Epi_
derivatives,_wPLossPhytDetEpi_
derivatives,_wPPrimPO4WEpi_
derivatives,_wPPrimDetWEpi_
derivatives,_tPPrimDetS_
derivatives,_wNMortPhytNH4WEpi_
derivatives,_wNMortPhytDetWEpi_
derivatives,_wNLossPhytNH4Epi_
derivatives,_wNLossPhytDetEpi_
derivatives,_wNPrimNH4WEpi_
derivatives,_wNPrimNO3WEpi_
derivatives,_wNPrimDetWEpi_
derivatives,_tNPrimDetS_
derivatives,_wSiPrimSiO2WEpi_
derivatives,_wSiPrimDetWEpi_
derivatives,_tSiPrimDiatS_
derivatives,_tSiPrimDetS_
derivatives,_aDepthEuphEpi_
derivatives,_aRelDepthEuphEpi_
derivatives,_aChlaHEpi_
derivatives,_aCovPhytWEpi_
derivatives,_rExtChPhytEpi_
derivatives,_rPDZooEpi_
derivatives,_rNDZooEpi_
derivatives,_oDFoodZooEpi_
derivatives,_aFiltEpi_
derivatives,_aDSatZooEpi_
derivatives,_wDEnvZooEpi_
derivatives,_wDAssZooEpi_
derivatives,_wDConsZooEpi_
derivatives,_wDConsDetZooEpi_
derivatives,_wDConsDiatZooEpi_
derivatives,_wDConsGrenZooEpi_
derivatives,_wDConsBlueZooEpi_
derivatives,_wDConsPhytZooEpi_
derivatives,_wDEgesZooEpi_
derivatives,_aCorDRespZooEpi_
derivatives,_wDRespZooEpi_
derivatives,_wDMortZooEpi_
derivatives,_oPFoodZooEpi_
derivatives,_rPDFoodZooEpi_
derivatives,_wPConsDiatZooEpi_
derivatives,_wPConsGrenZooEpi_
derivatives,_wPConsBlueZooEpi_
derivatives,_wPConsPhytZooEpi_
derivatives,_wPConsDetZooEpi_
derivatives,_wPConsZooEpi_
derivatives,_afPAssZooEpi_
derivatives,_wPAssZooEpi_
derivatives,_wPEgesZooEpi_
derivatives,_wPEgesZooPO4Epi_
derivatives,_wPEgesZooDetEpi_
derivatives,_akPExcrZooEpi_
derivatives,_wPExcrZooEpi_
derivatives,_wPMortZooEpi_
derivatives,_wPMortZooPO4Epi_
derivatives,_wPMortZooDetEpi_
derivatives,_oNFoodZooEpi_
derivatives,_rNDFoodZooEpi_
derivatives,_wNConsDiatZooEpi_
derivatives,_wNConsGrenZooEpi_
derivatives,_wNConsBlueZooEpi_
derivatives,_wNConsPhytZooEpi_
derivatives,_wNConsDetZooEpi_
derivatives,_wNConsZooEpi_
derivatives,_afNAssZooEpi_
derivatives,_wNAssZooEpi_
derivatives,_wNEgesZooEpi_
derivatives,_wNEgesZooNH4Epi_
derivatives,_wNEgesZooDetEpi_
derivatives,_kNExcrZooEpi_
derivatives,_wNExcrZooEpi_
derivatives,_wNMortZooEpi_
derivatives,_wNMortZooNH4Epi_
derivatives,_wNMortZooDetEpi_
derivatives,_wSiConsDiatZooEpi_
derivatives,_rPDFiJv_
derivatives,_rPDFiAd_
derivatives,_rNDFiJv_
derivatives,_rNDFiAd_
derivatives,_tDReprFish_
derivatives,_tDAgeFish_
derivatives,_aDTotZoo_
derivatives,_aPTotZoo_
derivatives,_aNTotZoo_
derivatives,_aDSatFiJv_
derivatives,_tDEnvFiJv_
derivatives,_tDAssFiJv_
derivatives,_tDConsFiJv_
derivatives,_tDEgesFiJv_
derivatives,_tDRespFiJv_
derivatives,_tDMortFiJv_
derivatives,_tDMigrFiJv_
derivatives,_tDEnvFiAd_
derivatives,_tDAssFiAd_
derivatives,_tDConsFiAd_
derivatives,_tDEgesFiAd_
derivatives,_tDRespFiAd_
derivatives,_tDMortFiAd_
derivatives,_tDHarvFish_
derivatives,_tDMigrFiAd_
derivatives,_tDMortFiJvBot_
derivatives,_tDMortFiJvDet_
derivatives,_tDMortFiAdBot_
derivatives,_tDMortFiAdDet_
derivatives,_tPReprFish_
derivatives,_tPAgeFish_
derivatives,_tPMigrFiJv_
derivatives,_tPConsFiJv_
derivatives,_afPAssFiJv_
derivatives,_tPAssFiJv_
derivatives,_tPEgesFiJv_
derivatives,_tPExcrFiJv_
derivatives,_tPMortFiJv_
derivatives,_tPMigrFiAd_
derivatives,_tPConsFiAd_
derivatives,_tPAssFiAd_
derivatives,_tPEgesFiAd_
derivatives,_tPExcrFiAd_
derivatives,_tPMortFiAd_
derivatives,_tPHarvFish_
derivatives,_tPMortFiJvBot_
derivatives,_tPMortFiJvPO4_
derivatives,_tPMortFiJvDet_
derivatives,_tPMortFiAdBot_
derivatives,_tPMortFiAdPO4_
derivatives,_tPMortFiAdDet_
derivatives,_tPEgesFiJvPO4_
derivatives,_tPEgesFiJvDet_
derivatives,_tPEgesFiAdPO4_
derivatives,_tPEgesFiAdDet_
derivatives,_tNReprFish_
derivatives,_tNAgeFish_
derivatives,_tNMigrFiJv_
derivatives,_tNConsFiJv_
derivatives,_afNAssFiJv_
derivatives,_tNAssFiJv_
derivatives,_tNEgesFiJv_
derivatives,_tNExcrFiJv_
derivatives,_tNMortFiJv_
derivatives,_tNMigrFiAd_
derivatives,_tNConsFiAd_
derivatives,_tNAssFiAd_
derivatives,_tNEgesFiAd_
derivatives,_tNExcrFiAd_
derivatives,_tNMortFiAd_
derivatives,_tNHarvFish_
derivatives,_tNMortFiAdBot_
derivatives,_tNMortFiAdNH4_
derivatives,_tNMortFiAdDet_
derivatives,_tNMortFiJvBot_
derivatives,_tNMortFiJvNH4_
derivatives,_tNMortFiJvDet_
derivatives,_tNEgesFiJvNH4_
derivatives,_tNEgesFiJvDet_
derivatives,_tDMigrPisc_
derivatives,_aDFish_
derivatives,_aDSatPisc_
derivatives,_tDEnvPisc_
derivatives,_tDAssPisc_
derivatives,_tDConsPisc_
derivatives,_tDEgesPisc_
derivatives,_tDConsFiJvPisc_
derivatives,_tDConsFiAdPisc_
derivatives,_tDMortPisc_
derivatives,_tDMortPiscBot_
derivatives,_tDMortPiscDet_
derivatives,_tDHarvPisc_
derivatives,_aPPisc_
derivatives,_tPConsFiJvPisc_
derivatives,_tPConsFiAdPisc_
derivatives,_tPConsPisc_
derivatives,_rPDFoodPisc_
derivatives,_aNPisc_
derivatives,_tNConsFiJvPisc_
derivatives,_tNConsFiAdPisc_
derivatives,_tNConsPisc_
derivatives,_rNDFoodPisc_
derivatives,_tDConsPiscNut_
derivatives,_tDEgesPiscNut_
derivatives,_tDConsFiJvPiscNut_
derivatives,_tDConsFiAdPiscNut_
derivatives,_tPConsFiJvPiscNut_
derivatives,_tPConsFiAdPiscNut_
derivatives,_tPConsPiscNut_
derivatives,_tNConsFiJvPiscNut_
derivatives,_tNConsFiAdPiscNut_
derivatives,_tNConsPiscNut_
derivatives,_afPAssPisc_
derivatives,_tPAssPisc_
derivatives,_tPEgesPisc_
derivatives,_tPEgesPiscPO4_
derivatives,_tPEgesPiscDet_
derivatives,_tDRespPisc_
derivatives,_tPExcrPisc_
derivatives,_tPMortPisc_
derivatives,_tPMortPiscBot_
derivatives,_tPMortPiscPO4_
derivatives,_tPMortPiscDet_
derivatives,_tPMigrPisc_
derivatives,_tPHarvPisc_
derivatives,_afNAssPisc_
derivatives,_tNAssPisc_
derivatives,_tNEgesPisc_
derivatives,_tNEgesPiscNH4_
derivatives,_tNEgesPiscDet_
derivatives,_tNExcrPisc_
derivatives,_tNMortPisc_
derivatives,_tNMortPiscBot_
derivatives,_tNMortPiscNH4_
derivatives,_tNMortPiscDet_
derivatives,_tNMigrPisc_
derivatives,_tNHarvPisc_
derivatives,_tDWebBent_
derivatives,_tPWebBent_
derivatives,_tNWebBent_
derivatives,_tDWebFiJv_
derivatives,_tPWebFiJv_
derivatives,_tNWebFiJv_
derivatives,_tDWebFiAd_
derivatives,_tPWebFiAd_
derivatives,_tNWebFiAd_
derivatives,_tDWebPisc_
derivatives,_wDWebZooHyp_
derivatives,_wDWebDetWHyp_
derivatives,_wDWebDiatWHyp_
derivatives,_wDWebGrenWHyp_
derivatives,_wDWebBlueWHyp_
derivatives,_wDWebZooEpi_
derivatives,_wDWebDetWEpi_
derivatives,_wDWebDiatWEpi_
derivatives,_wDWebGrenWEpi_
derivatives,_wDWebBlueWEpi_
derivatives,_tDWebTotT_
derivatives,_wPWebZooHyp_
derivatives,_wPWebPO4WHyp_
derivatives,_wPWebDetWHyp_
derivatives,_wPWebDiatWHyp_
derivatives,_wPWebGrenWHyp_
derivatives,_wPWebBlueWHyp_
derivatives,_wPWebZooEpi_
derivatives,_wPWebPO4WEpi_
derivatives,_wPWebDetWEpi_
derivatives,_wPWebDiatWEpi_
derivatives,_wPWebGrenWEpi_
derivatives,_wPWebBlueWEpi_
derivatives,_tPWebTotT_
derivatives,_tNEgesFiAdNH4_
derivatives,_tNEgesFiAdDet_
derivatives,_wNWebNO3WHyp_
derivatives,_wNWebNO3WEpi_
derivatives,_wNWebZooHyp_
derivatives,_wNWebNH4WHyp_
derivatives,_wNWebDetWHyp_
derivatives,_wNWebDiatWHyp_
derivatives,_wNWebGrenWHyp_
derivatives,_wNWebBlueWHyp_
derivatives,_wNWebZooEpi_
derivatives,_wNWebNH4WEpi_
derivatives,_wNWebDetWEpi_
derivatives,_wNWebDiatWEpi_
derivatives,_wNWebGrenWEpi_
derivatives,_wNWebBlueWEpi_
derivatives,_tNWebTotT_
derivatives,_wSiWebDetWEpi_
derivatives,_aPrefAveEpi_
derivatives,_wDConsZoo2Epi_
derivatives,_aDConsZooSpEpi_
derivatives,_aDAssZooSpEpi_
derivatives,_aDGrazSpEpi_
derivatives,_aPConsZooSpEpi_
derivatives,_aPGrazSpEpi_
derivatives,_aNConsZooSpEpi_
derivatives,_aNGrazSpEpi_
derivatives,_tDSetTotEpi_
derivatives,_tPSetTotEpi_
derivatives,_tNSetTotEpi_
derivatives,_tDResusTot_
derivatives,_tPResusTot_
derivatives,_tNResusTot_
derivatives,_aDepthStart_
derivatives,_akDredDepth_
derivatives,_akDred_
derivatives,_akDredBent_
derivatives,_vDredDepthW_
derivatives,_tDDredDetS_
derivatives,_tPDredDetS_
derivatives,_tNDredDetS_
derivatives,_tSiDredDetS_
derivatives,_tPDredAIMS_
derivatives,_tDDredNetSoil_
derivatives,_tDDredNetIMS_
derivatives,_tDDredNetHumS_
derivatives,_tPDredNetHumS_
derivatives,_tNDredNetHumS_
derivatives,_tDDredDiatS_
derivatives,_tPDredDiatS_
derivatives,_tNDredDiatS_
derivatives,_tDDredGrenS_
derivatives,_tPDredGrenS_
derivatives,_tNDredGrenS_
derivatives,_tDDredBlueS_
derivatives,_tPDredBlueS_
derivatives,_tNDredBlueS_
derivatives,_tDDredPhytS_
derivatives,_tPDredPhytS_
derivatives,_tNDredPhytS_
derivatives,_tDDredBent_
derivatives,_tPDredBent_
derivatives,_tNDredBent_
derivatives,_tDDredVeg_
derivatives,_tPDredVeg_
derivatives,_tNDredVeg_
derivatives,_tDDredNetTot_
derivatives,_tPDredNetTot_
derivatives,_tNDredNetTot_
derivatives,_tSiDredTot_
derivatives,_tDIMS_
derivatives,_tDHumS_
derivatives,_tDDetS_
derivatives,_vDeltaS_
derivatives,_vDeltaW_
derivatives,_tDBurIM_
derivatives,_tDBurOM_
derivatives,_tDBurDet_
derivatives,_tDBurHum_
derivatives,_tDBurTot_
derivatives,_tPBurHum_
derivatives,_tPBurDet_
derivatives,_tPBurAIM_
derivatives,_tPBurPO4_
derivatives,_tPBurTot_
derivatives,_tNBurHum_
derivatives,_tNBurDet_
derivatives,_tNBurNH4_
derivatives,_tNBurNO3_
derivatives,_tNBurTot_
derivatives,_tSiBurDet_
derivatives,_tSiBurTot_
derivatives,_aRelDeltaWEpi_
derivatives,_aRelDeltaWHyp_
derivatives,_aPFish_
derivatives,_aNFish_
derivatives,_aDRelTotT_
derivatives,_aNRelTotT_
derivatives,_aPRelTotT_
derivatives,_aSiRelTotT_
derivatives,_aO2RelTotT_
derivatives,_aDTotTHyp_
derivatives,_aNTotTHyp_
derivatives,_aPTotTHyp_
derivatives,_aSiTotTHyp_
derivatives,_aO2TotTHyp_
derivatives,_aDTotT_
derivatives,_aNTotT_
derivatives,_aPTotT_
derivatives,_aSiTotT_
derivatives,_aO2TotT_
derivatives,_tDBedTotT_
derivatives,_tPBedTotT_
derivatives,_tNBedTotT_
derivatives,_aDError_
derivatives,_aNError_
derivatives,_aPError_
derivatives,_aSiError_
derivatives,_aO2Error_
derivatives,_cCheckVegHeight_
derivatives,_dDepthW_
derivatives,_dNH4WHyp_
derivatives,_dNO3WHyp_
derivatives,_dPO4WHyp_
derivatives,_dPAIMWHyp_
derivatives,_dSiO2WHyp_
derivatives,_dO2WHyp_
derivatives,_dDDetWHyp_
derivatives,_dNDetWHyp_
derivatives,_dPDetWHyp_
derivatives,_dSiDetWHyp_
derivatives,_dDIMWHyp_
derivatives,_dDDiatWHyp_
derivatives,_dNDiatWHyp_
derivatives,_dPDiatWHyp_
derivatives,_dDGrenWHyp_
derivatives,_dNGrenWHyp_
derivatives,_dPGrenWHyp_
derivatives,_dDBlueWHyp_
derivatives,_dNBlueWHyp_
derivatives,_dPBlueWHyp_
derivatives,_dDZooHyp_
derivatives,_dNZooHyp_
derivatives,_dPZooHyp_
derivatives,_dDFiAd_
derivatives,_dDFiJv_
derivatives,_dNFiAd_
derivatives,_dNFiJv_
derivatives,_dPFiAd_
derivatives,_dPFiJv_
derivatives,_dDPisc_
derivatives,_dNH4S_
derivatives,_dNO3S_
derivatives,_dPO4S_
derivatives,_dPAIMS_
derivatives,_dDDetS_
derivatives,_dNDetS_
derivatives,_dPDetS_
derivatives,_dSiDetS_
derivatives,_dDHumS_
derivatives,_dNHumS_
derivatives,_dPHumS_
derivatives,_dDIMS_
derivatives,_dDDiatS_
derivatives,_dNDiatS_
derivatives,_dPDiatS_
derivatives,_dDGrenS_
derivatives,_dNGrenS_
derivatives,_dPGrenS_
derivatives,_dDBlueS_
derivatives,_dNBlueS_
derivatives,_dPBlueS_
derivatives,_dDVeg_
derivatives,_dNVeg_
derivatives,_dPVeg_
derivatives,_dVegHeight_
derivatives,_dDBent_
derivatives,_dNBent_
derivatives,_dPBent_
derivatives,_dDepthWM_
derivatives,_dNH4WM_
derivatives,_dNO3WM_
derivatives,_dPO4WM_
derivatives,_dPAIMWM_
derivatives,_dSiO2WM_
derivatives,_dO2WM_
derivatives,_dDDetWM_
derivatives,_dNDetWM_
derivatives,_dPDetWM_
derivatives,_dSiDetWM_
derivatives,_dDIMWM_
derivatives,_dDDiatWM_
derivatives,_dNDiatWM_
derivatives,_dPDiatWM_
derivatives,_dDGrenWM_
derivatives,_dNGrenWM_
derivatives,_dPGrenWM_
derivatives,_dDBlueWM_
derivatives,_dNBlueWM_
derivatives,_dPBlueWM_
derivatives,_dDZooM_
derivatives,_dNZooM_
derivatives,_dPZooM_
derivatives,_dNH4SM_
derivatives,_dNO3SM_
derivatives,_dPO4SM_
derivatives,_dPAIMSM_
derivatives,_dDDetSM_
derivatives,_dNDetSM_
derivatives,_dPDetSM_
derivatives,_dSiDetSM_
derivatives,_dDHumSM_
derivatives,_dNHumSM_
derivatives,_dPHumSM_
derivatives,_dDIMSM_
derivatives,_dDRootPhra_
derivatives,_dDShootPhra_
derivatives,_dNRootPhra_
derivatives,_dNShootPhra_
derivatives,_dPRootPhra_
derivatives,_dPShootPhra_
derivatives,_dNH4WEpi_
derivatives,_dNO3WEpi_
derivatives,_dPO4WEpi_
derivatives,_dPAIMWEpi_
derivatives,_dSiO2WEpi_
derivatives,_dO2WEpi_
derivatives,_dDDetWEpi_
derivatives,_dNDetWEpi_
derivatives,_dPDetWEpi_
derivatives,_dSiDetWEpi_
derivatives,_dDIMWEpi_
derivatives,_dDDiatWEpi_
derivatives,_dNDiatWEpi_
derivatives,_dPDiatWEpi_
derivatives,_dDGrenWEpi_
derivatives,_dNGrenWEpi_
derivatives,_dPGrenWEpi_
derivatives,_dDBlueWEpi_
derivatives,_dNBlueWEpi_
derivatives,_dPBlueWEpi_
derivatives,_dDZooEpi_
derivatives,_dNZooEpi_
derivatives,_dPZooEpi_
derivatives,_dDExtTotT_
derivatives,_dNExtTotT_
derivatives,_dPExtTotT_
derivatives,_dSiExtTotT_
derivatives,_dO2ExtTotT_
initial_states,_uDepthMix0_
initial_states,_aInclStrat0_
initial_states,_sDepthW0_
initial_states,_MassHyp0_
initial_states,_sNH4WHyp0_
initial_states,_sNO3WHyp0_
initial_states,_sPO4WHyp0_
initial_states,_sPAIMWHyp0_
initial_states,_sSiO2WHyp0_
initial_states,_sO2WHyp0_
initial_states,_sDDetWHyp0_
initial_states,_sNDetWHyp0_
initial_states,_sPDetWHyp0_
initial_states,_sSiDetWHyp0_
initial_states,_sDIMWHyp0_
initial_states,_sDDiatWHyp0_
initial_states,_sNDiatWHyp0_
initial_states,_sPDiatWHyp0_
initial_states,_sDGrenWHyp0_
initial_states,_sNGrenWHyp0_
initial_states,_sPGrenWHyp0_
initial_states,_sDBlueWHyp0_
initial_states,_sNBlueWHyp0_
initial_states,_sPBlueWHyp0_
initial_states,_sDZooHyp0_
initial_states,_sNZooHyp0_
initial_states,_sPZooHyp0_
initial_states,_sDFiAd0_
initial_states,_sDFiJv0_
initial_states,_sNFiAd0_
initial_states,_sNFiJv0_
initial_states,_sPFiAd0_
initial_states,_sPFiJv0_
initial_states,_sDPisc0_
initial_states,_MassEpi0_
initial_states,_sNH4WEpi0_
initial_states,_sNO3WEpi0_
initial_states,_sPO4WEpi0_
initial_states,_sPAIMWEpi0_
initial_states,_sSiO2WEpi0_
initial_states,_sO2WEpi0_
initial_states,_sDDetWEpi0_
initial_states,_sNDetWEpi0_
initial_states,_sPDetWEpi0_
initial_states,_sSiDetWEpi0_
initial_states,_sDIMWEpi0_
initial_states,_sDDiatWEpi0_
initial_states,_sNDiatWEpi0_
initial_states,_sPDiatWEpi0_
initial_states,_sDGrenWEpi0_
initial_states,_sNGrenWEpi0_
initial_states,_sPGrenWEpi0_
initial_states,_sDBlueWEpi0_
initial_states,_sNBlueWEpi0_
initial_states,_sPBlueWEpi0_
initial_states,_sDZooEpi0_
initial_states,_sNZooEpi0_
initial_states,_sPZooEpi0_
initial_states,_sNH4S0_
initial_states,_sNO3S0_
initial_states,_bRhoSolidS0_
initial_states,_bPorS0_
initial_states,_bRhoTotS0_
initial_states,_bDTotS0_
initial_states,_sPO4S0_
initial_states,_sPAIMS0_
initial_states,_sDDetS0_
initial_states,_sNDetS0_
initial_states,_sPDetS0_
initial_states,_sSiDetS0_
initial_states,_sDHumS0_
initial_states,_sNHumS0_
initial_states,_sPHumS0_
initial_states,_sDIMS0_
initial_states,_sDDiatS0_
initial_states,_sNDiatS0_
initial_states,_sPDiatS0_
initial_states,_sDGrenS0_
initial_states,_sNGrenS0_
initial_states,_sPGrenS0_
initial_states,_sDBlueS0_
initial_states,_sNBlueS0_
initial_states,_sPBlueS0_
initial_states,_sDVeg0_
initial_states,_sNVeg0_
initial_states,_sPVeg0_
initial_states,_sVegHeight0_
initial_states,_sDBent0_
initial_states,_sNBent0_
initial_states,_sPBent0_
initial_states,_sDepthWM0_
initial_states,_MassWM0_
initial_states,_sNH4WM0_
initial_states,_sNO3WM0_
initial_states,_sPO4WM0_
initial_states,_sPAIMWM0_
initial_states,_sSiO2WM0_
initial_states,_sO2WM0_
initial_states,_sDDetWM0_
initial_states,_sNDetWM0_
initial_states,_sPDetWM0_
initial_states,_sSiDetWM0_
initial_states,_sDIMWM0_
initial_states,_sDDiatWM0_
initial_states,_sNDiatWM0_
initial_states,_sPDiatWM0_
initial_states,_sDGrenWM0_
initial_states,_sNGrenWM0_
initial_states,_sPGrenWM0_
initial_states,_sDBlueWM0_
initial_states,_sNBlueWM0_
initial_states,_sPBlueWM0_
initial_states,_sDZooM0_
initial_states,_sNZooM0_
initial_states,_sPZooM0_
initial_states,_sNH4SM0_
initial_states,_sNO3SM0_
initial_states,_bRhoSolidSM0_
initial_states,_bPorSM0_
initial_states,_bRhoTotSM0_
initial_states,_bDTotSM0_
initial_states,_fPAdsSM0_
initial_states,_sPO4SM0_
initial_states,_sPAIMSM0_
initial_states,_sDDetSM0_
initial_states,_sNDetSM0_
initial_states,_sPDetSM0_
initial_states,_sSiDetSM0_
initial_states,_sDHumSM0_
initial_states,_sNHumSM0_
initial_states,_sPHumSM0_
initial_states,_sDIMSM0_
initial_states,_sDRootPhra0_
initial_states,_sDShootPhra0_
initial_states,_sNRootPhra0_
initial_states,_sNShootPhra0_
initial_states,_sPRootPhra0_
initial_states,_sPShootPhra0_
initial_states,_uDPhytWHyp0_
initial_states,_uDPhytWEpi0_
initial_states,_uPPhytWHyp0_
initial_states,_uPPhytWEpi0_
initial_states,_uNPhytWHyp0_
initial_states,_uNPhytWEpi0_
initial_states,_uDPhytS0_
initial_states,_uPPhytS0_
initial_states,_uNPhytS0_
initial_states,_uDPhytWM0_
initial_states,_uPPhytWM0_
initial_states,_uNPhytWM0_
initial_states,_uSiDiatWM0_
initial_states,_uDVeg0_
initial_states,_uPVeg0_
initial_states,_uNVeg0_
initial_states,_uDFish0_
initial_states,_uPFish0_
initial_states,_uNFish0_
initial_states,_uPPisc0_
initial_states,_uNPisc0_
initial_states,_uO2TotTHyp0_
initial_states,_uDTotTHyp0_
initial_states,_uPTotTHyp0_
initial_states,_uNTotTHyp0_
initial_states,_uSiTotTHyp0_
initial_states,_uDTotM0_
initial_states,_uPTotM0_
initial_states,_uNTotM0_
initial_states,_uSiTotM0_
initial_states,_uO2TotM0_
initial_states,_uO2TotT0_
initial_states,_uDTotT0_
initial_states,_uPTotT0_
initial_states,_uNTotT0_
initial_states,_uSiTotT0_
initial_states,_sDExtTotT0_
initial_states,_sNExtTotT0_
initial_states,_sPExtTotT0_
initial_states,_sSiExtTotT0_
initial_states,_sO2ExtTotT0_
parameters,_InitCalc_
parameters,_CalcMass_
parameters,_ConstDepth_
parameters,_InitDepth_
parameters,_ConstTrans_
parameters,_InclTran_
parameters,_InclVeg_
parameters,_InclBur_
parameters,_InclWeb_
parameters,_InclMarsh_
parameters,_InclSeason_
parameters,_InclStrat_
parameters,_calcMixDepth_
parameters,_InclLat_
parameters,_calcQEv_
parameters,_DayStart_
parameters,_ReadTemp_
parameters,_ReadStrat_
parameters,_ReadLOut_
parameters,_ReadVWind_
parameters,_ReadQIn_
parameters,_ReadQOut_
parameters,_ReadQEv_
parameters,_ReadPLoad_
parameters,_ReadNLoad_
parameters,_ReadNutFrac_
parameters,_ReadPLoadPhyt_
parameters,_ReadDLoadDet_
parameters,_ReadVegShade_
parameters,_UseExpVeg_
parameters,_UsePhotVeg_
parameters,_UseLWinVeg_
parameters,_UseVegHeight_
parameters,_ReadDLoadIM_
parameters,_UseSeasonLoad_
parameters,_UsePulseLoad_
parameters,_mTempEpi_
parameters,_mTempHyp_
parameters,_mStrat_
parameters,_mLOut_
parameters,_mVegShade_
parameters,_mVWind_
parameters,_mQIn_
parameters,_mQOut_
parameters,_mQEv_
parameters,_mPLoad_
parameters,_mPLoadMult_
parameters,_mPLoadPO4_
parameters,_mPLoadOrg_
parameters,_mPLoadPhytTot_
parameters,_mNLoad_
parameters,_mNLoadNH4_
parameters,_mNLoadNO3_
parameters,_mNLoadOrg_
parameters,_mDLoadDet_
parameters,_mDLoadIM_
parameters,_StartTime_
parameters,_EndTime_
parameters,_YearZero_
parameters,_cDepthWInit0_
parameters,_cMinDepthHypEpi_
parameters,_cFetch_
parameters,_fMarsh_
parameters,_fLutum_
parameters,_kExchW_
parameters,_kExchMaxW_
parameters,_cDepthMix_
parameters,_cAMix_
parameters,_cBMix_
parameters,_cfHyp_
parameters,_fFeDIM_
parameters,_fAlDIM_
parameters,_fVegShade_
parameters,_cTmAveEpi_
parameters,_cTmVarEpi_
parameters,_cTmAveHyp_
parameters,_cTmVarHyp_
parameters,_cStratTm_
parameters,_cTimeLag_
parameters,_cVWind_
parameters,_cQInf_
parameters,_cPBackLoad_
parameters,_cNBackLoad_
parameters,_cLDayAve_
parameters,_cLDayVar_
parameters,_cfDayAve_
parameters,_cfDayVar_
parameters,_fRefl_
parameters,_cExtWat_
parameters,_cDredInterval_
parameters,_cDredStart_
parameters,_cDepthRef_
parameters,_cLengDred_
parameters,_fEffDred_
parameters,_fEffDredBent_
parameters,_fPAR_
parameters,_cLAlloVeg_
parameters,_cVegInitLen_
parameters,_cVegWinLen_
parameters,_cExtSpDet_
parameters,_cExtSpIM_
parameters,_fDTotS0_
parameters,_fDOrgS0_
parameters,_fDDetS0_
parameters,_fSedPhyt0_
parameters,_fPInorgS0_
parameters,_fPAdsS0_
parameters,_cPDDet0_
parameters,_cNDDet0_
parameters,_cSiDDet0_
parameters,_cPDHum0_
parameters,_cNDHum0_
parameters,_cPDPhyt0_
parameters,_cNDPhyt0_
parameters,_cPDDiat0_
parameters,_cNDDiat0_
parameters,_cPDGren0_
parameters,_cNDGren0_
parameters,_cPDBlue0_
parameters,_cNDBlue0_
parameters,_cPDVeg0_
parameters,_cNDVeg0_
parameters,_cSiDDiat_
parameters,_cPDZooRef_
parameters,_cNDZooRef_
parameters,_cPDBentRef_
parameters,_cNDBentRef_
parameters,_cPDFishRef_
parameters,_cNDFishRef_
parameters,_cPDPisc_
parameters,_cNDPisc_
parameters,_cQIn_
parameters,_cQInSum_
parameters,_cQInWin_
parameters,_cMaxWOut_
parameters,_cDepthWMax_
parameters,_cQInExtraApril1_
parameters,_cQInExtraOct1_
parameters,_cQOutExtraApril1_
parameters,_cQOutExtraOct1_
parameters,_cQEvAve_
parameters,_cQEvVar_
parameters,_cPLoad_
parameters,_cPLoadSum_
parameters,_cPLoadWin_
parameters,_fPO4In_
parameters,_fPhytInWin_
parameters,_fPhytInSum_
parameters,_fDiatPhytIn_
parameters,_fGrenPhytIn_
parameters,_fBluePhytIn_
parameters,_cNLoad_
parameters,_cNLoadSum_
parameters,_cNLoadWin_
parameters,_cNPLoadMeas_
parameters,_cNPPhytIn_
parameters,_cNPDetIn_
parameters,_fNH4DissIn_
parameters,_cNDPhytIn_
parameters,_cNDDetIn_
parameters,_cDIMIn_
parameters,_cO2In_
parameters,_cSiO2In_
parameters,_cSiDDetIn_
parameters,_cDZooIn_
parameters,_cDayApril1_
parameters,_cDayOct1_
parameters,_cLengChange_
parameters,_cNLoadS_
parameters,_fNH4LoadS_
parameters,_cDErosTot_
parameters,_fSedErosIM_
parameters,_fHypErosIM_
parameters,_fDOrgSoil_
parameters,_cPDSoilOM_
parameters,_cNDSoilOM_
parameters,_cPO4Ground_
parameters,_cNH4Ground_
parameters,_cNO3Ground_
parameters,_cDepthS_
parameters,_cCPerDW_
parameters,_cRhoIM_
parameters,_cRhoOM_
parameters,_cTmRef_
parameters,_cAerRoot_
parameters,_cAerLin_
parameters,_cAerSquare_
parameters,_cThetaAer_
parameters,_kFloatAer_
parameters,_cVSetIM_
parameters,_cVSetDet_
parameters,_cThetaSet_
parameters,_cSuspMin_
parameters,_cSuspMax_
parameters,_cSuspSlope_
parameters,_hDepthSusp_
parameters,_cFetchRef_
parameters,_fLutumRef_
parameters,_cSuspRef_
parameters,_kVegResus_
parameters,_kTurbFish_
parameters,_kResusPhytMax_
parameters,_cResusPhytExp_
parameters,_cThetaMinW_
parameters,_kDMinDetW_
parameters,_hO2BOD_
parameters,_O2PerNO3_
parameters,_cThetaMinS_
parameters,_kDMinDetS_
parameters,_fRefrDetS_
parameters,_hNO3Denit_
parameters,_NO3PerC_
parameters,_kDMinHum_
parameters,_kNitrW_
parameters,_kNitrS_
parameters,_cThetaNitr_
parameters,_O2PerNH4_
parameters,_hO2Nitr_
parameters,_kPDifPO4_
parameters,_kNDifNO3_
parameters,_kNDifNH4_
parameters,_kO2Dif_
parameters,_cThetaDif_
parameters,_fDepthDifS_
parameters,_cTurbDifNut_
parameters,_cTurbDifO2_
parameters,_kPSorp_
parameters,_cRelPAdsD_
parameters,_cRelPAdsFe_
parameters,_cRelPAdsAl_
parameters,_cKPAdsOx_
parameters,_fRedMax_
parameters,_coPO4Max_
parameters,_kPChemPO4_
parameters,_cDayManVeg1_
parameters,_cDayManVeg2_
parameters,_fManVeg_
parameters,_cLengMan_
parameters,_cYearStartBirds_
parameters,_cDayStartBirds_
parameters,_cDayEndBirds_
parameters,_cBirdsPerha_
parameters,_cDGrazPerBird_
parameters,_hDVegBird_
parameters,_fDAssBird_
parameters,_fDissEgesBird_
parameters,_fDissMortVeg_
parameters,_cLengAllo_
parameters,_cLengMort_
parameters,_UseEmpUpt_
parameters,_fSedUptVegMax_
parameters,_fSedUptVegCoef_
parameters,_fSedUptVegExp_
parameters,_fRootVegSum_
parameters,_fRootVegWin_
parameters,_fFloatVeg_
parameters,_fEmergVeg_
parameters,_cVegHeight_
parameters,_cVegHeightWin_
parameters,_cVegMaxHeight_
parameters,_cVegHPar1_
parameters,_cVegHPar2_
parameters,_cVegL_
parameters,_cDStemVeg_
parameters,_cDensVeg_
parameters,_fDepth1Veg_
parameters,_fDepth2Veg_
parameters,_cDLayerVeg_
parameters,_cCovSpVeg_
parameters,_kMigrVeg_
parameters,_cDVegIn_
parameters,_cTmInitVeg_
parameters,_cPhotInitVeg_
parameters,_cDCarrVeg_
parameters,_cMuMaxVeg_
parameters,_cQ10ProdVeg_
parameters,_hLRefVeg_
parameters,_cExtSpVeg_
parameters,_kDRespVeg_
parameters,_cQ10RespVeg_
parameters,_kMortVegSum_
parameters,_fWinVeg_
parameters,_cDayWinVeg_
parameters,_fDetWMortVeg_
parameters,_cPrefVegBird_
parameters,_cVPUptMaxVeg_
parameters,_cAffPUptVeg_
parameters,_cPDVegMin_
parameters,_cPDVegMax_
parameters,_cVNUptMaxVeg_
parameters,_cAffNUptVeg_
parameters,_cNDVegMin_
parameters,_cNDVegMax_
parameters,_cPACoefMin_
parameters,_cPACoefMax_
parameters,_hPACoef_
parameters,_cSecchiPlus_
parameters,_cEuph_
parameters,_cCovSpPhyt_
parameters,_cTmOptLoss_
parameters,_cSigTmLoss_
parameters,_fDissMortPhyt_
parameters,_fDissLoss_
parameters,_cMuMaxDiat_
parameters,_cTmOptDiat_
parameters,_cSigTmDiat_
parameters,_cExtSpDiat_
parameters,_UseSteeleDiat_
parameters,_cLOptRefDiat_
parameters,_hLRefDiat_
parameters,_cChDDiatMin_
parameters,_cChDDiatMax_
parameters,_kDRespDiat_
parameters,_kLossDiat_
parameters,_kMortDiatW_
parameters,_kMortDiatS_
parameters,_cVSetDiat_
parameters,_cVPUptMaxDiat_
parameters,_cAffPUptDiat_
parameters,_cPDDiatMin_
parameters,_cPDDiatMax_
parameters,_cVNUptMaxDiat_
parameters,_cAffNUptDiat_
parameters,_cNDDiatMin_
parameters,_cNDDiatMax_
parameters,_hSiAssDiat_
parameters,_cMuMaxGren_
parameters,_cTmOptGren_
parameters,_cSigTmGren_
parameters,_cExtSpGren_
parameters,_UseSteeleGren_
parameters,_hLRefGren_
parameters,_cLOptRefGren_
parameters,_cChDGrenMin_
parameters,_cChDGrenMax_
parameters,_kDRespGren_
parameters,_kLossGren_
parameters,_kMortGrenW_
parameters,_kMortGrenS_
parameters,_cVSetGren_
parameters,_cVPUptMaxGren_
parameters,_cAffPUptGren_
parameters,_cPDGrenMin_
parameters,_cPDGrenMax_
parameters,_cVNUptMaxGren_
parameters,_cAffNUptGren_
parameters,_cNDGrenMin_
parameters,_cNDGrenMax_
parameters,_hSiAssGren_
parameters,_cMuMaxBlue_
parameters,_cTmOptBlue_
parameters,_cSigTmBlue_
parameters,_cExtSpBlue_
parameters,_UseSteeleBlue_
parameters,_cLOptRefBlue_
parameters,_hLRefBlue_
parameters,_cChDBlueMin_
parameters,_cChDBlueMax_
parameters,_cCyDBlueMin_
parameters,_cCyDBlueMax_
parameters,_kDRespBlue_
parameters,_kLossBlue_
parameters,_kMortBlueW_
parameters,_kMortBlueS_
parameters,_cVSetBlue_
parameters,_cVPUptMaxBlue_
parameters,_cAffPUptBlue_
parameters,_cPDBlueMin_
parameters,_cPDBlueMax_
parameters,_cVNUptMaxBlue_
parameters,_cAffNUptBlue_
parameters,_cNDBlueMin_
parameters,_cNDBlueMax_
parameters,_fFiJvMortHyp_
parameters,_fFiJvEgesHyp_
parameters,_fFiJvExcrHyp_
parameters,_fFiAdMortHyp_
parameters,_fFiAdEgesHyp_
parameters,_fFiAdExcrHyp_
parameters,_fPiscMortHyp_
parameters,_fPiscEgesHyp_
parameters,_fPiscExcrHyp_
parameters,_hSiAssBlue_
parameters,_cDBentIn_
parameters,_kMigrBent_
parameters,_kMigrFish_
parameters,_cDFiJvIn_
parameters,_cDFiAdIn_
parameters,_kHarvFishWin_
parameters,_kHarvFishSum_
parameters,_cDPiscIn_
parameters,_kMigrPisc_
parameters,_kHarvPiscWin_
parameters,_kHarvPiscSum_
parameters,_cFiltMax_
parameters,_hFilt_
parameters,_cDCarrZoo_
parameters,_cPrefDiat_
parameters,_cPrefGren_
parameters,_cPrefBlue_
parameters,_cPrefDet_
parameters,_fDAssZoo_
parameters,_fDissEgesZoo_
parameters,_kDRespZoo_
parameters,_kMortZoo_
parameters,_fDissMortZoo_
parameters,_cTmOptZoo_
parameters,_cSigTmZoo_
parameters,_cDCarrBent_
parameters,_kDAssBent_
parameters,_hDFoodBent_
parameters,_fDAssBent_
parameters,_fDissEgesBent_
parameters,_kDRespBent_
parameters,_kMortBent_
parameters,_fDissMortBent_
parameters,_cTmOptBent_
parameters,_cSigTmBent_
parameters,_fDBone_
parameters,_fPBone_
parameters,_cDCarrFish_
parameters,_fDissEgesFish_
parameters,_fDissMortFish_
parameters,_cTmOptFish_
parameters,_cSigTmFish_
parameters,_cDayReprFish_
parameters,_fReprFish_
parameters,_fAgeFish_
parameters,_cRelVegFish_
parameters,_kDAssFiJv_
parameters,_hDZooFiJv_
parameters,_fDAssFiJv_
parameters,_kDRespFiJv_
parameters,_kMortFiJv_
parameters,_kDAssFiAd_
parameters,_hDBentFiAd_
parameters,_fDAssFiAd_
parameters,_kDRespFiAd_
parameters,_kMortFiAd_
parameters,_cDCarrPiscMax_
parameters,_cDCarrPiscMin_
parameters,_cDCarrPiscBare_
parameters,_cDPhraMinPisc_
parameters,_cCovVegMin_
parameters,_cTmOptVeg_
parameters,_cSigTmVeg_
parameters,_cRelPhraPisc_
parameters,_cRelVegPisc_
parameters,_kDAssPisc_
parameters,_hDVegPisc_
parameters,_hDFishPisc_
parameters,_fDAssPisc_
parameters,_fDissEgesPisc_
parameters,_kDRespPisc_
parameters,_kMortPisc_
parameters,_fDissMortPisc_
parameters,_cTmOptPisc_
parameters,_cSigTmPisc_
parameters,_cDepthSM_
parameters,_kExchMaxM_
parameters,_hfMarsh_
parameters,_fDTotSM0_
parameters,_fDOrgSM0_
parameters,_fDDetSM0_
parameters,_fPInorgSM0_
parameters,_cPDPhra0_
parameters,_cNDPhra0_
parameters,_cDensStemPhra_
parameters,_cTmInitPhra_
parameters,_fDAllPhra_
parameters,_kDAllPhra_
parameters,_cDStemPhra_
parameters,_cQ10ProdPhra_
parameters,_cMuPhraMax_
parameters,_cDShootPhraMax_
parameters,_cCovSpPhra_
parameters,_cPDPhraMin_
parameters,_cPDPhraMax_
parameters,_cNDPhraMin_
parameters,_cNDPhraMax_
parameters,_cAffNUptPhra_
parameters,_cAffPUptPhra_
parameters,_cVNUptPhraMax_
parameters,_cVPUptPhraMax_
parameters,_kDRespPhra_
parameters,_cQ10RespPhra_
parameters,_fDayWin_
parameters,_fDRealPhra_
parameters,_kDRealPhra_
parameters,_kDMortShootPhra_
parameters,_kDMortRootPhra_
parameters,_cDayWinPhra_
parameters,_cDayManPhra_
parameters,_fManPhra_
parameters,_kDManShootPhra_
parameters,_DaysPerYear_
parameters,_TenDays_
parameters,_HoursInDay_
parameters,_HoursPerDay_
parameters,_SecsPerDay_
parameters,_mmPerm_
parameters,_m2Perha_
parameters,_mgPerg_
parameters,_gPerkg_
parameters,_gPerton_
parameters,_PerDay_
parameters,_PerCent_
parameters,_NearZero_
parameters,_molO2molC_
parameters,_molO2molN_
parameters,_molNmolC_
parameters,_cRhoWat_
parameters,_cSolar_
parameters,_cLAT_
parameters,_cPhiR_
parameters,_cDayR_
parameters,_fCloudH_
parameters,_fCloudM_
parameters,_fCloudL_
parameters,_cTrans_
parameters,_Pi_
parameters,_cHeath_
parameters,_cAlpha_
parameters,_cDepthMeasoChl_
parameters,_cPMax_
parameters,_cDepthMetaMin_
parameters,_fMeta_
parameters,_kBub_
states_init,_cDepthW0_
states_init,_cNH4WHyp0_
states_init,_cNO3WHyp0_
states_init,_cPO4WHyp0_
states_init,_cPAIMWHyp0_
states_init,_cSiO2WHyp0_
states_init,_cO2WHyp0_
states_init,_cDDetWHyp0_
states_init,_cNDetWHyp0_
states_init,_cPDetWHyp0_
states_init,_cSiDetWHyp0_
states_init,_cDIMWHyp0_
states_init,_cDDiatWHyp0_
states_init,_cNDiatWHyp0_
states_init,_cPDiatWHyp0_
states_init,_cDGrenWHyp0_
states_init,_cNGrenWHyp0_
states_init,_cPGrenWHyp0_
states_init,_cDBlueWHyp0_
states_init,_cNBlueWHyp0_
states_init,_cPBlueWHyp0_
states_init,_cDZooHyp0_
states_init,_cNZooHyp0_
states_init,_cPZooHyp0_
states_init,_cDFiAd0_
states_init,_cDFiJv0_
states_init,_cNFiAd0_
states_init,_cNFiJv0_
states_init,_cPFiAd0_
states_init,_cPFiJv0_
states_init,_cDPisc0_
states_init,_cNH4S0_
states_init,_cNO3S0_
states_init,_cPO4S0_
states_init,_cPAIMS0_
states_init,_cDDetS0_
states_init,_cNDetS0_
states_init,_cPDetS0_
states_init,_cSiDetS0_
states_init,_cDHumS0_
states_init,_cNHumS0_
states_init,_cPHumS0_
states_init,_cDIMS0_
states_init,_cDDiatS0_
states_init,_cNDiatS0_
states_init,_cPDiatS0_
states_init,_cDGrenS0_
states_init,_cNGrenS0_
states_init,_cPGrenS0_
states_init,_cDBlueS0_
states_init,_cNBlueS0_
states_init,_cPBlueS0_
states_init,_cDVeg0_
states_init,_cNVeg0_
states_init,_cPVeg0_
states_init,_cVegHeight0_
states_init,_cDBent0_
states_init,_cNBent0_
states_init,_cPBent0_
states_init,_cDepthWM0_
states_init,_cNH4WM0_
states_init,_cNO3WM0_
states_init,_cPO4WM0_
states_init,_cPAIMWM0_
states_init,_cSiO2WM0_
states_init,_cO2WM0_
states_init,_cDDetWM0_
states_init,_cNDetWM0_
states_init,_cPDetWM0_
states_init,_cSiDetWM0_
states_init,_cDIMWM0_
states_init,_cDDiatWM0_
states_init,_cNDiatWM0_
states_init,_cPDiatWM0_
states_init,_cDGrenWM0_
states_init,_cNGrenWM0_
states_init,_cPGrenWM0_
states_init,_cDBlueWM0_
states_init,_cNBlueWM0_
states_init,_cPBlueWM0_
states_init,_cDZooM0_
states_init,_cNZooM0_
states_init,_cPZooM0_
states_init,_cNH4SM0_
states_init,_cNO3SM0_
states_init,_cPO4SM0_
states_init,_cPAIMSM0_
states_init,_cDDetSM0_
states_init,_cNDetSM0_
states_init,_cPDetSM0_
states_init,_cSiDetSM0_
states_init,_cDHumSM0_
states_init,_cNHumSM0_
states_init,_cPHumSM0_
states_init,_cDIMSM0_
states_init,_cDRootPhra0_
states_init,_cDShootPhra0_
states_init,_cNRootPhra0_
states_init,_cNShootPhra0_
states_init,_cPRootPhra0_
states_init,_cPShootPhra0_
states_init,_cNH4WEpi0_
states_init,_cNO3WEpi0_
states_init,_cPO4WEpi0_
states_init,_cPAIMWEpi0_
states_init,_cSiO2WEpi0_
states_init,_cO2WEpi0_
states_init,_cDDetWEpi0_
states_init,_cNDetWEpi0_
states_init,_cPDetWEpi0_
states_init,_cSiDetWEpi0_
states_init,_cDIMWEpi0_
states_init,_cDDiatWEpi0_
states_init,_cNDiatWEpi0_
states_init,_cPDiatWEpi0_
states_init,_cDGrenWEpi0_
states_init,_cNGrenWEpi0_
states_init,_cPGrenWEpi0_
states_init,_cDBlueWEpi0_
states_init,_cNBlueWEpi0_
states_init,_cPBlueWEpi0_
states_init,_cDZooEpi0_
states_init,_cNZooEpi0_
states_init,_cPZooEpi0_
states_init,_cDExtTotT0_
states_init,_cNExtTotT0_
states_init,_cPExtTotT0_
states_init,_cSiExtTotT0_
states_init,_cO2ExtTotT0_
states_name,_sDepthW_
states_name,_sNH4WHyp_
states_name,_sNO3WHyp_
states_name,_sPO4WHyp_
states_name,_sPAIMWHyp_
states_name,_sSiO2WHyp_
states_name,_sO2WHyp_
states_name,_sDDetWHyp_
states_name,_sNDetWHyp_
states_name,_sPDetWHyp_
states_name,_sSiDetWHyp_
states_name,_sDIMWHyp_
states_name,_sDDiatWHyp_
states_name,_sNDiatWHyp_
states_name,_sPDiatWHyp_
states_name,_sDGrenWHyp_
states_name,_sNGrenWHyp_
states_name,_sPGrenWHyp_
states_name,_sDBlueWHyp_
states_name,_sNBlueWHyp_
states_name,_sPBlueWHyp_
states_name,_sDZooHyp_
states_name,_sNZooHyp_
states_name,_sPZooHyp_
states_name,_sDFiAd_
states_name,_sDFiJv_
states_name,_sNFiAd_
states_name,_sNFiJv_
states_name,_sPFiAd_
states_name,_sPFiJv_
states_name,_sDPisc_
states_name,_sNH4S_
states_name,_sNO3S_
states_name,_sPO4S_
states_name,_sPAIMS_
states_name,_sDDetS_
states_name,_sNDetS_
states_name,_sPDetS_
states_name,_sSiDetS_
states_name,_sDHumS_
states_name,_sNHumS_
states_name,_sPHumS_
states_name,_sDIMS_
states_name,_sDDiatS_
states_name,_sNDiatS_
states_name,_sPDiatS_
states_name,_sDGrenS_
states_name,_sNGrenS_
states_name,_sPGrenS_
states_name,_sDBlueS_
states_name,_sNBlueS_
states_name,_sPBlueS_
states_name,_sDVeg_
states_name,_sNVeg_
states_name,_sPVeg_
states_name,_sVegHeight_
states_name,_sDBent_
states_name,_sNBent_
states_name,_sPBent_
states_name,_sDepthWM_
states_name,_sNH4WM_
states_name,_sNO3WM_
states_name,_sPO4WM_
states_name,_sPAIMWM_
states_name,_sSiO2WM_
states_name,_sO2WM_
states_name,_sDDetWM_
states_name,_sNDetWM_
states_name,_sPDetWM_
states_name,_sSiDetWM_
states_name,_sDIMWM_
states_name,_sDDiatWM_
states_name,_sNDiatWM_
states_name,_sPDiatWM_
states_name,_sDGrenWM_
states_name,_sNGrenWM_
states_name,_sPGrenWM_
states_name,_sDBlueWM_
states_name,_sNBlueWM_
states_name,_sPBlueWM_
states_name,_sDZooM_
states_name,_sNZooM_
states_name,_sPZooM_
states_name,_sNH4SM_
states_name,_sNO3SM_
states_name,_sPO4SM_
states_name,_sPAIMSM_
states_name,_sDDetSM_
states_name,_sNDetSM_
states_name,_sPDetSM_
states_name,_sSiDetSM_
states_name,_sDHumSM_
states_name,_sNHumSM_
states_name,_sPHumSM_
states_name,_sDIMSM_
states_name,_sDRootPhra_
states_name,_sDShootPhra_
states_name,_sNRootPhra_
states_name,_sNShootPhra_
states_name,_sPRootPhra_
states_name,_sPShootPhra_
states_name,_sNH4WEpi_
states_name,_sNO3WEpi_
states_name,_sPO4WEpi_
states_name,_sPAIMWEpi_
states_name,_sSiO2WEpi_
states_name,_sO2WEpi_
states_name,_sDDetWEpi_
states_name,_sNDetWEpi_
states_name,_sPDetWEpi_
states_name,_sSiDetWEpi_
states_name,_sDIMWEpi_
states_name,_sDDiatWEpi_
states_name,_sNDiatWEpi_
states_name,_sPDiatWEpi_
states_name,_sDGrenWEpi_
states_name,_sNGrenWEpi_
states_name,_sPGrenWEpi_
states_name,_sDBlueWEpi_
states_name,_sNBlueWEpi_
states_name,_sPBlueWEpi_
states_name,_sDZooEpi_
states_name,_sNZooEpi_
states_name,_sPZooEpi_
states_name,_sDExtTotT_
states_name,_sNExtTotT_
states_name,_sPExtTotT_
states_name,_sSiExtTotT_
states_name,_sO2ExtTotT_
states_deriv,_dDepthW_
states_deriv,_dNH4WHyp_
states_deriv,_dNO3WHyp_
states_deriv,_dPO4WHyp_
states_deriv,_dPAIMWHyp_
states_deriv,_dSiO2WHyp_
states_deriv,_dO2WHyp_
states_deriv,_dDDetWHyp_
states_deriv,_dNDetWHyp_
states_deriv,_dPDetWHyp_
states_deriv,_dSiDetWHyp_
states_deriv,_dDIMWHyp_
states_deriv,_dDDiatWHyp_
states_deriv,_dNDiatWHyp_
states_deriv,_dPDiatWHyp_
states_deriv,_dDGrenWHyp_
states_deriv,_dNGrenWHyp_
states_deriv,_dPGrenWHyp_
states_deriv,_dDBlueWHyp_
states_deriv,_dNBlueWHyp_
states_deriv,_dPBlueWHyp_
states_deriv,_dDZooHyp_
states_deriv,_dNZooHyp_
states_deriv,_dPZooHyp_
states_deriv,_dDFiAd_
states_deriv,_dDFiJv_
states_deriv,_dNFiAd_
states_deriv,_dNFiJv_
states_deriv,_dPFiAd_
states_deriv,_dPFiJv_
states_deriv,_dDPisc_
states_deriv,_dNH4S_
states_deriv,_dNO3S_
states_deriv,_dPO4S_
states_deriv,_dPAIMS_
states_deriv,_dDDetS_
states_deriv,_dNDetS_
states_deriv,_dPDetS_
states_deriv,_dSiDetS_
states_deriv,_dDHumS_
states_deriv,_dNHumS_
states_deriv,_dPHumS_
states_deriv,_dDIMS_
states_deriv,_dDDiatS_
states_deriv,_dNDiatS_
states_deriv,_dPDiatS_
states_deriv,_dDGrenS_
states_deriv,_dNGrenS_
states_deriv,_dPGrenS_
states_deriv,_dDBlueS_
states_deriv,_dNBlueS_
states_deriv,_dPBlueS_
states_deriv,_dDVeg_
states_deriv,_dNVeg_
states_deriv,_dPVeg_
states_deriv,_dVegHeight_
states_deriv,_dDBent_
states_deriv,_dNBent_
states_deriv,_dPBent_
states_deriv,_dDepthWM_
states_deriv,_dNH4WM_
states_deriv,_dNO3WM_
states_deriv,_dPO4WM_
states_deriv,_dPAIMWM_
states_deriv,_dSiO2WM_
states_deriv,_dO2WM_
states_deriv,_dDDetWM_
states_deriv,_dNDetWM_
states_deriv,_dPDetWM_
states_deriv,_dSiDetWM_
states_deriv,_dDIMWM_
states_deriv,_dDDiatWM_
states_deriv,_dNDiatWM_
states_deriv,_dPDiatWM_
states_deriv,_dDGrenWM_
states_deriv,_dNGrenWM_
states_deriv,_dPGrenWM_
states_deriv,_dDBlueWM_
states_deriv,_dNBlueWM_
states_deriv,_dPBlueWM_
states_deriv,_dDZooM_
states_deriv,_dNZooM_
states_deriv,_dPZooM_
states_deriv,_dNH4SM_
states_deriv,_dNO3SM_
states_deriv,_dPO4SM_
states_deriv,_dPAIMSM_
states_deriv,_dDDetSM_
states_deriv,_dNDetSM_
states_deriv,_dPDetSM_
states_deriv,_dSiDetSM_
states_deriv,_dDHumSM_
states_deriv,_dNHumSM_
states_deriv,_dPHumSM_
states_deriv,_dDIMSM_
states_deriv,_dDRootPhra_
states_deriv,_dDShootPhra_
states_deriv,_dNRootPhra_
states_deriv,_dNShootPhra_
states_deriv,_dPRootPhra_
states_deriv,_dPShootPhra_
states_deriv,_dNH4WEpi_
states_deriv,_dNO3WEpi_
states_deriv,_dPO4WEpi_
states_deriv,_dPAIMWEpi_
states_deriv,_dSiO2WEpi_
states_deriv,_dO2WEpi_
states_deriv,_dDDetWEpi_
states_deriv,_dNDetWEpi_
states_deriv,_dPDetWEpi_
states_deriv,_dSiDetWEpi_
states_deriv,_dDIMWEpi_
states_deriv,_dDDiatWEpi_
states_deriv,_dNDiatWEpi_
states_deriv,_dPDiatWEpi_
states_deriv,_dDGrenWEpi_
states_deriv,_dNGrenWEpi_
states_deriv,_dPGrenWEpi_
states_deriv,_dDBlueWEpi_
states_deriv,_dNBlueWEpi_
states_deriv,_dPBlueWEpi_
states_deriv,_dDZooEpi_
states_deriv,_dNZooEpi_
states_deriv,_dPZooEpi_
states_deriv,_dDExtTotT_
states_deriv,_dNExtTotT_
states_deriv,_dPExtTotT_
states_deriv,_dSiExtTotT_
states_deriv,_dO2ExtTotT_
